,date,team,predictedScore
0,2017-10-29,Detroit Lions,22.758574058872632
1,2002-11-17,Indianapolis Colts,25.273882873431724
2,2014-10-30,Carolina Panthers,26.648732831983672
3,2004-12-13,Tennessee Titans,22.816940314346926
4,2017-12-03,Los Angeles Chargers,27.594241272020184
5,2015-10-25,Jacksonville Jaguars,24.755934204989074
6,2012-12-23,Baltimore Ravens,26.778670822909326
7,2002-12-15,New York Giants,23.417965829166896
8,2008-11-16,Carolina Panthers,24.25992800084093
9,2003-11-16,Cincinnati Bengals,24.006678465887237
10,2011-10-30,Baltimore Ravens,23.9285981009312
11,2010-11-25,Dallas Cowboys,24.827750300876897
12,2013-12-15,Tampa Bay Buccaneers,21.897726890827133
13,2004-11-28,Arizona Cardinals,21.56107962525409
14,2003-12-07,San Francisco 49ers,23.31830073274665
15,2005-11-06,San Francisco 49ers,17.54225669900181
16,2015-11-29,Tennessee Titans,24.012735712517355
17,2015-11-22,Baltimore Ravens,23.598488194311287
18,2017-12-03,Miami Dolphins,22.054862763153924
19,2013-10-13,Kansas City Chiefs,25.51648525449086
20,2017-10-22,Chicago Bears,21.023825817557352
21,2015-11-22,Atlanta Falcons,27.113322356284492
22,2015-11-15,Denver Broncos,26.406179004637764
23,2006-11-19,San Francisco 49ers,19.782939080908882
24,2014-11-16,New Orleans Saints,28.63530410018297
25,2013-10-13,Baltimore Ravens,23.822904639526588
26,2017-11-05,New York Giants,22.917897782606175
27,2002-10-27,New York Jets,23.8513837206855
28,2013-11-24,New York Giants,23.844018183247503
29,2014-11-09,Seattle Seahawks,25.525258162683834
30,2003-11-16,Miami Dolphins,19.46671835710611
31,2010-12-12,Dallas Cowboys,26.65752154647209
32,2002-10-27,Minnesota Vikings,26.0714857347216
33,2002-12-21,Arizona Cardinals,20.77861995888514
34,2012-12-23,Kansas City Chiefs,21.89284412946429
35,2011-10-16,Oakland Raiders,26.52197678101274
36,2006-10-29,New Orleans Saints,26.793998405496197
37,2004-11-21,Oakland Raiders,21.883904448556176
38,2013-10-27,New Orleans Saints,27.79782452737284
39,2014-10-26,Arizona Cardinals,28.70245659607923
40,2016-11-13,Tampa Bay Buccaneers,26.62428290566003
41,2015-11-01,Dallas Cowboys,23.434667580110514
42,2009-12-13,Atlanta Falcons,24.911293513254495
43,2008-12-21,Kansas City Chiefs,20.954734491816673
44,2016-12-04,Baltimore Ravens,25.175812487746455
45,2017-10-15,Minnesota Vikings,26.37040726839895
46,2012-12-30,Washington Redskins,27.188546147650694
47,2012-12-23,Miami Dolphins,24.265960870498976
48,2002-12-01,San Francisco 49ers,28.009593819310098
49,2017-01-01,Cincinnati Bengals,25.948531997008203
50,2015-12-13,Baltimore Ravens,24.50940137187967
51,2003-11-16,Cleveland Browns,19.113856118423453
52,2003-12-14,Tampa Bay Buccaneers,21.780611225142408
53,2004-12-25,Tennessee Titans,24.629264219606466
54,2011-12-25,Green Bay Packers,23.62861207807239
55,2013-10-20,Atlanta Falcons,28.696702944687786
56,2004-12-05,Oakland Raiders,27.72171346576087
57,2015-12-13,Green Bay Packers,23.47526349225528
58,2014-11-30,Jacksonville Jaguars,25.872468893286253
59,2002-11-03,Cleveland Browns,23.601275421810648
60,2017-11-23,Detroit Lions,26.39591360604166
61,2011-12-24,Tennessee Titans,24.6345084288102
62,2012-11-25,Miami Dolphins,22.045009669104942
63,2011-12-18,Oakland Raiders,25.015055626455833
64,2003-11-02,Baltimore Ravens,22.52347448808555
65,2005-12-11,New York Jets,20.547625973749085
66,2003-11-09,Carolina Panthers,22.555773760855587
67,2004-11-07,Denver Broncos,28.473462308506832
68,2010-10-24,San Diego Chargers,27.025061586388826
69,2006-10-15,Tampa Bay Buccaneers,23.07809441811278
70,2010-11-07,Carolina Panthers,18.90448866625325
71,2008-12-21,New York Giants,23.10198285485366
72,2017-12-31,New England Patriots,24.565244896170917
73,2002-12-29,Denver Broncos,25.52359138821842
74,2017-10-29,Washington Redskins,26.00922632104725
75,2017-01-01,Los Angeles Rams,20.957012792041915
76,2014-12-14,Kansas City Chiefs,20.190902053979453
77,2002-12-22,Baltimore Ravens,23.162974489661284
78,2012-11-11,San Francisco 49ers,24.240808422612595
79,2006-10-30,Minnesota Vikings,22.90068642281707
80,2002-12-01,Kansas City Chiefs,27.93337742995533
81,2006-11-05,Buffalo Bills,19.62833992070005
82,2015-11-29,Washington Redskins,26.827417099859844
83,2008-11-09,New England Patriots,23.35050158951858
84,2011-10-17,New York Jets,23.452991224765302
85,2003-12-21,Philadelphia Eagles,23.622871233231812
86,2012-12-23,Philadelphia Eagles,23.184423228711843
87,2013-12-01,Buffalo Bills,26.423466895628586
88,2007-10-28,Carolina Panthers,21.62960140121932
89,2007-12-23,Minnesota Vikings,22.988714633013885
90,2012-11-11,Baltimore Ravens,23.841440144300392
91,2010-10-24,New Orleans Saints,28.402135175516857
92,2016-11-20,Kansas City Chiefs,26.87065960767381
93,2010-11-07,Minnesota Vikings,26.131488646412677
94,2017-12-04,Cincinnati Bengals,25.920777500287045
95,2009-11-30,New Orleans Saints,25.789792108351527
96,2015-12-20,San Francisco 49ers,23.004796546303496
97,2012-12-23,New York Jets,20.847868126491456
98,2009-11-08,Chicago Bears,21.343040909573553
99,2004-10-31,Tennessee Titans,24.87077185435451
100,2014-10-19,San Diego Chargers,27.78265342212042
101,2011-11-27,Atlanta Falcons,28.544901212459685
102,2004-10-31,Chicago Bears,20.538041699536002
103,2003-11-16,New England Patriots,21.410274035914213
104,2008-11-23,Detroit Lions,21.080573648098493
105,2002-12-29,New England Patriots,23.59721236175307
106,2012-10-28,St. Louis Rams,26.026115232706466
107,2013-11-17,New York Giants,21.90344181591121
108,2017-11-05,New Orleans Saints,27.47074600324779
109,2005-11-06,Cleveland Browns,18.983166367869377
110,2013-11-10,New Orleans Saints,28.846269076570156
111,2006-10-29,Green Bay Packers,23.313420842720035
112,2013-12-29,Dallas Cowboys,26.27825195007732
113,2014-10-26,Carolina Panthers,26.246136735440643
114,2012-12-30,Cincinnati Bengals,20.587849505285032
115,2008-11-16,Kansas City Chiefs,24.674436134001084
116,2005-12-11,Cincinnati Bengals,23.60321707351832
117,2002-10-27,Kansas City Chiefs,25.348263165786104
118,2013-11-10,Chicago Bears,29.163929048237957
119,2006-12-10,Dallas Cowboys,27.87614746733609
120,2014-10-12,Atlanta Falcons,28.647491391992435
121,2007-11-04,Kansas City Chiefs,24.46560297112472
122,2014-12-07,Jacksonville Jaguars,23.27617635941644
123,2012-12-09,San Francisco 49ers,23.770318015326524
124,2004-11-14,Tennessee Titans,21.423681681316324
125,2010-11-21,San Francisco 49ers,23.3772728576728
126,2008-11-27,Dallas Cowboys,24.19117287263438
127,2012-12-06,Oakland Raiders,23.847668366083376
128,2007-12-30,Arizona Cardinals,25.32567495876341
129,2012-11-04,Atlanta Falcons,27.75640092916683
130,2007-12-09,Cincinnati Bengals,23.611385152277652
131,2009-12-06,Arizona Cardinals,26.52549998571179
132,2008-12-28,Houston Texans,25.089164797909778
133,2003-11-09,San Diego Chargers,22.585552495310516
134,2013-11-10,New York Giants,22.158981665051186
135,2005-12-24,New Orleans Saints,23.98689612679369
136,2004-12-05,Indianapolis Colts,26.426804124408196
137,2005-12-24,Arizona Cardinals,23.831392469770208
138,2004-12-19,New York Jets,22.767997397209584
139,2004-11-14,Atlanta Falcons,23.977575557704
140,2006-11-19,Carolina Panthers,24.84825319705434
141,2008-11-16,New York Giants,21.864455364269837
142,2006-12-03,Chicago Bears,20.542730791511858
143,2009-11-15,St. Louis Rams,24.896697612824628
144,2002-11-17,Tampa Bay Buccaneers,22.814481151342136
145,2017-10-22,Miami Dolphins,21.001320469617507
146,2014-11-16,New York Giants,25.163109620274973
147,2015-12-13,Houston Texans,26.112234799054455
148,2009-10-18,New York Jets,21.136841445952328
149,2010-12-19,New York Giants,22.622309523180245
150,2010-10-17,Green Bay Packers,21.0011290930439
151,2011-12-04,Washington Redskins,23.108600562810665
152,2005-12-24,Washington Redskins,23.711522297884393
153,2004-11-14,Cleveland Browns,22.028681666080242
154,2017-11-26,San Francisco 49ers,23.240691388204436
155,2006-10-16,Arizona Cardinals,21.452447418666207
156,2015-10-18,Cleveland Browns,23.160290394319468
157,2011-11-13,Tampa Bay Buccaneers,22.261452149417323
158,2015-10-26,Arizona Cardinals,29.315405491870653
159,2016-12-25,Kansas City Chiefs,21.83984709502899
160,2008-11-20,Pittsburgh Steelers,21.151456633117274
161,2016-12-04,Pittsburgh Steelers,25.165694952881033
162,2007-12-16,Cleveland Browns,22.31506386709176
163,2005-11-06,Tampa Bay Buccaneers,23.08875706311948
164,2012-12-30,New England Patriots,25.192861747591614
165,2007-10-21,Washington Redskins,25.254720947279715
166,2006-12-03,Denver Broncos,22.274317033851645
167,2013-11-24,Houston Texans,27.810322474274308
168,2013-11-24,Detroit Lions,28.920423628861894
169,2006-11-19,Philadelphia Eagles,26.10347977301757
170,2010-12-16,San Diego Chargers,23.97675874926869
171,2016-10-23,Cincinnati Bengals,27.455346850217794
172,2002-11-25,San Francisco 49ers,27.630571486893903
173,2006-12-17,New England Patriots,22.20070343974474
174,2012-12-02,New York Jets,23.205593013266984
175,2014-12-28,New York Giants,25.636447753052604
176,2012-11-18,Kansas City Chiefs,21.557352589363866
177,2013-10-20,Jacksonville Jaguars,23.314593966730314
178,2014-11-02,Miami Dolphins,25.036367208452127
179,2002-10-13,Denver Broncos,25.35879515542984
180,2005-11-27,Houston Texans,22.103148734796804
181,2012-12-09,New York Giants,23.99471666823701
182,2004-12-19,Detroit Lions,22.66746443541131
183,2017-11-12,Detroit Lions,25.548743790128828
184,2008-12-21,New England Patriots,23.280349472080754
185,2007-11-18,Seattle Seahawks,25.348951344534164
186,2009-11-29,Buffalo Bills,21.982506823055886
187,2017-12-03,Arizona Cardinals,25.394233193079778
188,2009-11-22,Dallas Cowboys,25.167840754104894
189,2013-12-01,Philadelphia Eagles,26.08215740157322
190,2007-11-04,Oakland Raiders,21.68607491316229
191,2013-12-08,Philadelphia Eagles,28.186099774157064
192,2009-12-03,Buffalo Bills,21.72856108741646
193,2007-11-26,Pittsburgh Steelers,20.99007295656141
194,2017-10-22,Minnesota Vikings,26.815282549346446
195,2010-12-19,New England Patriots,28.35609070170517
196,2003-12-14,Washington Redskins,21.625465741121584
197,2016-12-04,San Diego Chargers,25.768290319707237
198,2010-11-14,Denver Broncos,25.247401585487985
199,2011-01-02,Washington Redskins,23.909267116334277
200,2017-01-01,Pittsburgh Steelers,26.914032312579703
201,2011-11-27,Indianapolis Colts,23.167356609618718
202,2015-10-18,San Francisco 49ers,25.622199241860564
203,2009-11-22,Oakland Raiders,19.078664108315493
204,2014-12-18,Jacksonville Jaguars,23.415687065256265
205,2010-12-23,Pittsburgh Steelers,21.88559303552959
206,2014-12-14,Atlanta Falcons,29.677373698622873
207,2016-10-16,Green Bay Packers,24.97694728273364
208,2003-11-23,Baltimore Ravens,19.46634741642218
209,2004-11-14,New England Patriots,23.39420987658894
210,2006-11-19,New York Jets,22.382521318839622
211,2007-10-21,Denver Broncos,20.70587912711187
212,2006-12-11,St. Louis Rams,22.394692325729945
213,2016-11-06,Baltimore Ravens,22.868249032154417
214,2002-12-29,New York Jets,22.33422937293961
215,2014-10-26,New Orleans Saints,29.517611637161195
216,2014-11-09,New Orleans Saints,28.244573719263293
217,2008-11-09,San Diego Chargers,26.314161373557923
218,2006-12-31,Minnesota Vikings,20.41842481044511
219,2006-11-26,Tennessee Titans,22.68784825203826
220,2014-11-09,Jacksonville Jaguars,24.09612038159471
221,2002-11-10,Chicago Bears,20.490932813973522
222,2006-10-15,Atlanta Falcons,23.548082129353215
223,2004-10-31,Pittsburgh Steelers,24.565667430979396
224,2013-12-09,Chicago Bears,24.162646767067173
225,2012-12-02,Oakland Raiders,20.25900082121813
226,2006-12-10,Detroit Lions,21.932004277536848
227,2004-12-19,Tampa Bay Buccaneers,22.904792152161328
228,2012-11-29,Atlanta Falcons,29.642779962279192
229,2015-12-27,Atlanta Falcons,23.54962289868353
230,2004-12-26,Indianapolis Colts,28.745961306530972
231,2010-12-12,San Francisco 49ers,23.714029384970594
232,2010-10-18,Jacksonville Jaguars,23.83670101051225
233,2009-11-29,New York Jets,24.835600091667338
234,2002-12-15,Pittsburgh Steelers,22.03116131550855
235,2007-11-18,Indianapolis Colts,27.750081757757755
236,2004-12-19,Cincinnati Bengals,21.63958937740972
237,2007-10-28,Tennessee Titans,21.523175817454167
238,2013-10-13,Seattle Seahawks,23.13340749003015
239,2005-12-17,New York Giants,24.314490785807877
240,2016-10-16,New England Patriots,26.07563693102524
241,2012-12-23,Jacksonville Jaguars,25.028399152601665
242,2004-10-17,Atlanta Falcons,23.063525298080876
243,2004-12-12,Buffalo Bills,21.899474080744284
244,2008-10-12,Indianapolis Colts,23.626961382155887
245,2017-11-19,New York Giants,23.016878784705344
246,2012-01-01,Houston Texans,23.744606459783444
247,2011-11-21,New England Patriots,28.589634004297213
248,2005-12-11,Philadelphia Eagles,20.188323488703773
249,2016-11-06,Kansas City Chiefs,27.526427877043012
250,2008-12-07,Buffalo Bills,23.047411753297183
251,2010-01-03,Minnesota Vikings,25.485078551854286
252,2012-12-16,Oakland Raiders,26.11357053669144
253,2008-12-07,San Francisco 49ers,23.89153658318412
254,2013-12-29,New York Giants,20.51741985556273
255,2002-12-29,Washington Redskins,22.335895745568934
256,2005-12-12,Atlanta Falcons,24.388505623057792
257,2011-11-13,Philadelphia Eagles,24.843951054824306
258,2016-10-30,Buffalo Bills,24.535436426088133
259,2006-12-25,Miami Dolphins,21.874518783054157
260,2012-12-30,New Orleans Saints,27.01245415418002
261,2017-12-31,Indianapolis Colts,26.108824673190036
262,2014-10-12,Oakland Raiders,22.902207590551313
263,2012-10-22,Chicago Bears,22.770918707765183
264,2016-10-30,Dallas Cowboys,27.96726569631297
265,2008-10-26,New Orleans Saints,26.113485013545656
266,2013-12-01,Cleveland Browns,23.85337656804209
267,2008-10-26,Pittsburgh Steelers,22.704080314563562
268,2005-10-30,New York Giants,23.255746518408003
269,2017-10-15,New York Jets,23.39512512321771
270,2002-12-30,St. Louis Rams,20.67903830155263
271,2016-12-11,San Francisco 49ers,22.527989270211997
272,2013-12-22,Houston Texans,25.00766723003932
273,2013-12-15,Jacksonville Jaguars,23.969975667318373
274,2017-11-26,Philadelphia Eagles,25.359357221404288
275,2012-10-14,Arizona Cardinals,25.282786050953625
276,2013-12-15,St. Louis Rams,24.339807067507895
277,2011-11-24,Baltimore Ravens,26.47178282434466
278,2008-10-12,Minnesota Vikings,25.685254536428204
279,2014-12-28,Tampa Bay Buccaneers,22.545136657020585
280,2013-10-13,Dallas Cowboys,29.380499694449213
281,2004-11-28,Seattle Seahawks,24.942351000934906
282,2002-10-20,Kansas City Chiefs,25.565847127315262
283,2016-01-03,Cleveland Browns,23.481208403345498
284,2009-10-25,Houston Texans,26.916936516941405
285,2002-12-08,Washington Redskins,23.31940386481138
286,2016-01-03,Carolina Panthers,27.740194346787966
287,2003-11-30,Carolina Panthers,24.867589949995995
288,2011-10-16,New York Giants,26.470010617680884
289,2003-10-26,Tampa Bay Buccaneers,22.79594454060258
290,2003-12-14,St. Louis Rams,26.101720478558214
291,2005-10-23,Cincinnati Bengals,24.260478010765762
292,2003-11-09,Cincinnati Bengals,25.973314333956147
293,2014-10-12,New York Jets,23.42801840091619
294,2010-10-17,Philadelphia Eagles,23.496389302496915
295,2017-12-03,Jacksonville Jaguars,22.344840431679295
296,2015-10-18,Minnesota Vikings,24.484503616733083
297,2006-11-26,Cleveland Browns,24.1521568787762
298,2013-12-08,Washington Redskins,25.147541123227825
299,2004-11-14,Jacksonville Jaguars,22.350171416225372
300,2002-12-01,New York Giants,22.283677315433902
301,2008-11-16,San Francisco 49ers,23.201737717349392
302,2013-11-28,Detroit Lions,28.627905056269327
303,2002-11-17,Houston Texans,21.692306236996394
304,2013-12-15,Dallas Cowboys,25.6447023010565
305,2005-12-11,Green Bay Packers,23.014848692032487
306,2003-11-02,Dallas Cowboys,23.03048835038778
307,2004-11-14,New Orleans Saints,26.223319213513072
308,2012-01-01,Cincinnati Bengals,20.041421754049118
309,2009-11-08,Seattle Seahawks,22.501133530079365
310,2004-10-17,Buffalo Bills,19.48363884045415
311,2012-10-14,Baltimore Ravens,23.86734101797826
312,2015-10-25,St. Louis Rams,24.54893255340685
313,2011-12-24,Buffalo Bills,24.446641864222553
314,2005-11-20,New England Patriots,23.61376384705512
315,2007-11-11,Baltimore Ravens,22.077876237964546
316,2012-11-18,Denver Broncos,27.072570076333754
317,2016-10-30,Cincinnati Bengals,26.763981127023143
318,2017-11-13,Carolina Panthers,22.01978466226804
319,2008-12-07,Pittsburgh Steelers,21.884987726793618
320,2014-11-23,Minnesota Vikings,25.83698535437317
321,2004-10-24,Green Bay Packers,25.914665506122045
322,2002-11-24,Denver Broncos,24.080370996165477
323,2016-10-23,Los Angeles Rams,24.356736599497584
324,2017-11-19,Dallas Cowboys,24.361113184831993
325,2016-11-13,New England Patriots,30.190855815776757
326,2002-11-24,New York Jets,22.998503532289277
327,2003-10-20,Oakland Raiders,24.204275047687496
328,2008-12-21,Cleveland Browns,21.0023733440389
329,2017-10-15,Oakland Raiders,23.482616294986833
330,2002-11-24,Arizona Cardinals,22.660700894515777
331,2005-01-02,Chicago Bears,21.54294669939984
332,2016-10-23,Atlanta Falcons,29.447937705893544
333,2006-10-15,St. Louis Rams,26.36455953395066
334,2006-10-22,Cincinnati Bengals,20.970608738851837
335,2006-12-16,Atlanta Falcons,25.216787914245515
336,2013-11-11,Tampa Bay Buccaneers,24.05368555871202
337,2006-11-05,Jacksonville Jaguars,22.751692693059002
338,2012-12-02,Denver Broncos,28.419873549372177
339,2015-11-23,New England Patriots,27.70126901063746
340,2005-11-20,New York Giants,24.990127057605644
341,2010-11-07,Houston Texans,24.58327398978576
342,2009-12-06,Cincinnati Bengals,24.746544339243577
343,2005-10-16,New Orleans Saints,23.749530738395805
344,2011-10-30,Carolina Panthers,27.33785685829399
345,2014-11-17,Tennessee Titans,22.34686019721279
346,2016-12-11,Green Bay Packers,25.814572317746375
347,2008-11-30,Minnesota Vikings,21.78212047467563
348,2010-11-07,Detroit Lions,23.95611127286459
349,2003-10-26,Philadelphia Eagles,21.213063435476457
350,2012-12-02,Baltimore Ravens,24.078469175058544
351,2011-12-18,Kansas City Chiefs,23.417027593059082
352,2006-11-12,Indianapolis Colts,28.753663958738613
353,2010-11-14,Indianapolis Colts,27.971811894099872
354,2017-12-31,Pittsburgh Steelers,27.766372356594225
355,2014-11-23,San Francisco 49ers,24.02022207957821
356,2004-12-26,Pittsburgh Steelers,23.991036813432363
357,2012-11-25,Arizona Cardinals,23.185503799331055
358,2008-11-09,Detroit Lions,24.614597262570452
359,2014-12-07,Philadelphia Eagles,24.13554503913658
360,2003-11-09,New York Giants,29.380170704351286
361,2003-10-19,Houston Texans,23.538074293716523
362,2010-12-19,Dallas Cowboys,24.90693838435131
363,2017-12-17,New Orleans Saints,26.862642476044662
364,2003-12-14,Cincinnati Bengals,23.976009290651902
365,2009-12-13,New York Giants,22.75593630738997
366,2017-12-24,Tennessee Titans,23.165118505099837
367,2012-12-23,Carolina Panthers,28.503377940420634
368,2009-10-18,Pittsburgh Steelers,26.459953479839932
369,2016-11-13,Tennessee Titans,28.306440376416568
370,2002-12-21,Minnesota Vikings,23.261379863729324
371,2007-12-02,Chicago Bears,21.126216455751994
372,2003-12-20,Minnesota Vikings,25.65789341002488
373,2004-10-24,Oakland Raiders,23.33769646732676
374,2015-12-13,Tampa Bay Buccaneers,28.03324685604059
375,2002-11-10,Philadelphia Eagles,22.823728693988176
376,2017-10-22,New York Giants,25.2382495083005
377,2007-12-02,Arizona Cardinals,23.745004817881885
378,2012-11-04,Oakland Raiders,25.993626196422127
379,2017-01-01,Atlanta Falcons,28.62718895581597
380,2005-11-27,Oakland Raiders,24.710504102128134
381,2003-11-16,Philadelphia Eagles,22.073476018222635
382,2014-11-16,Indianapolis Colts,30.414660557296752
383,2017-10-22,Indianapolis Colts,25.292198106757258
384,2006-11-19,Denver Broncos,24.832896162857153
385,2013-10-13,Cleveland Browns,25.735712472577
386,2017-12-17,San Francisco 49ers,23.86108198259908
387,2010-01-03,Carolina Panthers,27.734367629190366
388,2014-11-09,Tampa Bay Buccaneers,24.723504577662663
389,2014-10-19,Indianapolis Colts,29.49175785010729
390,2017-12-17,Washington Redskins,22.030595468412685
391,2009-12-27,New England Patriots,23.719828969121444
392,2005-01-02,Tennessee Titans,23.58981565430618
393,2015-12-27,Seattle Seahawks,29.447107237689714
394,2014-12-21,Arizona Cardinals,21.573552153707514
395,2010-11-21,Jacksonville Jaguars,25.857929659660748
396,2013-10-14,San Diego Chargers,24.052652186549807
397,2002-11-04,Green Bay Packers,25.05022393304559
398,2010-12-26,Chicago Bears,20.718998752161703
399,2009-10-25,New York Giants,27.076694775347114
400,2004-10-31,Kansas City Chiefs,27.02865212013378
401,2011-12-11,Green Bay Packers,25.29472779606337
402,2013-12-08,Cincinnati Bengals,23.033429884608452
403,2014-11-02,Houston Texans,27.11942351845949
404,2015-11-15,Tampa Bay Buccaneers,25.833049464293268
405,2006-11-05,Pittsburgh Steelers,24.290655212061782
406,2010-11-21,Pittsburgh Steelers,23.31282800234112
407,2007-12-02,Washington Redskins,25.568942880444027
408,2015-10-18,Detroit Lions,23.937219731706836
409,2002-11-17,San Diego Chargers,23.619793895893856
410,2003-10-19,Cincinnati Bengals,23.036695487710283
411,2015-11-22,Miami Dolphins,23.545477159842896
412,2010-12-05,Minnesota Vikings,24.567527009039303
413,2012-11-18,Carolina Panthers,26.17287973034673
414,2007-12-23,Tennessee Titans,21.501965462102348
415,2008-12-21,Denver Broncos,25.34438630241014
416,2014-11-09,New York Jets,24.28082748806468
417,2017-11-12,Washington Redskins,22.31293345184359
418,2015-12-20,Indianapolis Colts,23.559505619864478
419,2012-10-14,Tampa Bay Buccaneers,23.06197866732407
420,2012-12-23,Tampa Bay Buccaneers,24.929369891548212
421,2007-10-21,Miami Dolphins,22.870593621725543
422,2003-12-14,Arizona Cardinals,20.203586334192757
423,2013-10-24,Tampa Bay Buccaneers,22.345535811615417
424,2011-10-23,Minnesota Vikings,25.29685106197233
425,2011-12-24,Dallas Cowboys,26.867336812944494
426,2010-11-07,Oakland Raiders,24.272507956072864
427,2002-11-24,Chicago Bears,22.715886167730726
428,2013-12-08,San Diego Chargers,26.07279359918605
429,2010-11-28,Washington Redskins,23.84811421851449
430,2016-12-24,Houston Texans,23.82951869797407
431,2012-11-08,Jacksonville Jaguars,23.526629378919687
432,2003-10-27,San Diego Chargers,23.513438137638452
433,2014-12-21,New York Jets,22.403545442013467
434,2006-11-05,New York Giants,23.445438607804594
435,2005-01-02,Carolina Panthers,24.06874539295839
436,2012-11-15,Buffalo Bills,25.353754552431273
437,2004-11-15,Dallas Cowboys,24.85891939032053
438,2011-12-24,New England Patriots,30.855484595080526
439,2004-12-05,St. Louis Rams,24.644646208581694
440,2011-12-04,Tampa Bay Buccaneers,22.08160775818496
441,2006-01-01,Pittsburgh Steelers,24.509455821037996
442,2016-12-04,Chicago Bears,25.856867337943925
443,2004-11-07,Carolina Panthers,24.619561954813996
444,2017-12-31,Philadelphia Eagles,22.039388904412416
445,2011-12-11,Jacksonville Jaguars,23.39312491969269
446,2013-10-31,Miami Dolphins,21.042297962018946
447,2004-10-17,New York Jets,25.029514593444187
448,2002-10-21,Pittsburgh Steelers,23.73241553760268
449,2010-12-19,Baltimore Ravens,23.858745320558604
450,2014-12-14,Tennessee Titans,23.6682651684059
451,2006-12-10,San Diego Chargers,23.181430379173324
452,2011-11-13,Indianapolis Colts,22.333394782971098
453,2015-12-06,New York Giants,27.577859749064785
454,2016-10-24,Denver Broncos,25.921898681387198
455,2013-12-15,Indianapolis Colts,26.446734610909978
456,2011-11-20,Baltimore Ravens,24.8886793202042
457,2010-11-21,Dallas Cowboys,26.236291344471507
458,2004-10-31,Houston Texans,27.946285062767192
459,2008-11-09,New York Jets,23.064570639111835
460,2013-11-24,Green Bay Packers,24.402208735423045
461,2016-01-03,Kansas City Chiefs,20.6105801994197
462,2009-11-22,Detroit Lions,23.766795743165073
463,2017-12-31,Tennessee Titans,24.102290231900607
464,2009-10-25,Miami Dolphins,25.006143367725503
465,2013-10-13,New York Jets,21.26545873815005
466,2012-12-23,Pittsburgh Steelers,18.842486761404942
467,2006-12-10,Jacksonville Jaguars,23.66507695011496
468,2011-10-24,Jacksonville Jaguars,20.8988211440856
469,2004-10-31,Denver Broncos,25.415327469136155
470,2010-11-28,New York Giants,25.300039938772326
471,2016-11-13,Arizona Cardinals,27.874651858674063
472,2007-11-25,St. Louis Rams,23.59680189551157
473,2006-12-30,Washington Redskins,26.125000745790143
474,2008-10-26,New England Patriots,23.543006896184263
475,2003-11-24,Tampa Bay Buccaneers,20.992637465129146
476,2015-11-05,Cincinnati Bengals,28.306909684438516
477,2005-01-02,Philadelphia Eagles,24.06268879999671
478,2002-12-21,Dallas Cowboys,22.523326558368865
479,2014-12-07,Washington Redskins,22.464607741094177
480,2014-11-02,Dallas Cowboys,28.49788398537442
481,2007-11-12,Seattle Seahawks,22.562695619105398
482,2007-12-06,Washington Redskins,24.11515294807686
483,2008-11-16,Seattle Seahawks,23.50228401225186
484,2012-12-16,Buffalo Bills,22.080356697534025
485,2008-11-03,Washington Redskins,23.24726534336068
486,2011-12-24,Seattle Seahawks,24.855864760227064
487,2004-10-24,Baltimore Ravens,21.94647006977182
488,2015-11-01,Houston Texans,30.051987776682473
489,2016-01-03,Denver Broncos,25.338435985541434
490,2015-12-06,New England Patriots,27.990354619164847
491,2007-12-09,Green Bay Packers,27.499154645634405
492,2003-11-03,Denver Broncos,20.980602760487162
493,2013-12-15,New York Giants,21.380995926425925
494,2005-01-02,St. Louis Rams,21.57489973599582
495,2004-12-26,Tampa Bay Buccaneers,22.22446522720698
496,2006-10-29,Denver Broncos,23.72887739149541
497,2017-12-03,Buffalo Bills,21.263446150039417
498,2013-11-17,Philadelphia Eagles,26.428743371848533
499,2008-11-23,San Diego Chargers,24.339681211198265
500,2010-10-31,New England Patriots,24.27999917298261
501,2006-12-24,St. Louis Rams,24.927619784020226
502,2014-12-20,Washington Redskins,21.92128751462844
503,2010-11-21,Cincinnati Bengals,23.167620667674537
504,2012-12-09,Indianapolis Colts,26.187437410829173
505,2014-10-19,Chicago Bears,22.702181008828703
506,2016-10-16,Oakland Raiders,25.888009740490503
507,2010-12-05,Tennessee Titans,22.810904896187026
508,2004-11-28,San Francisco 49ers,21.02327658341487
509,2007-11-25,New England Patriots,29.08186398196084
510,2002-11-03,Tampa Bay Buccaneers,22.633074430067964
511,2014-10-19,Washington Redskins,24.27805236096303
512,2007-11-18,New York Jets,20.47615726971081
513,2012-10-21,Oakland Raiders,26.067853469492945
514,2012-10-15,San Diego Chargers,24.244677156290265
515,2015-11-08,Pittsburgh Steelers,23.53137573855488
516,2009-10-19,San Diego Chargers,25.035798060544252
517,2007-12-09,Baltimore Ravens,20.262124491418106
518,2016-10-30,New Orleans Saints,29.723585451147628
519,2003-10-26,Minnesota Vikings,26.391544902682043
520,2006-10-22,Buffalo Bills,20.31054145828079
521,2013-12-08,San Francisco 49ers,19.58706649585514
522,2014-12-21,Dallas Cowboys,24.81538372559519
523,2003-12-21,Cleveland Browns,20.222627817052476
524,2006-11-19,Kansas City Chiefs,25.106016539469046
525,2006-12-24,Pittsburgh Steelers,21.279704418655367
526,2017-11-19,Green Bay Packers,21.473088169078572
527,2007-12-24,San Diego Chargers,23.81082006562895
528,2010-11-14,Pittsburgh Steelers,24.363331605934164
529,2010-10-31,Dallas Cowboys,26.06289334951265
530,2009-12-06,Kansas City Chiefs,23.021833809041347
531,2003-12-07,Tennessee Titans,23.163426228710115
532,2007-11-04,Cleveland Browns,25.574815037804996
533,2016-12-18,Dallas Cowboys,24.280304812806477
534,2014-10-12,Miami Dolphins,24.32515973019489
535,2014-12-28,New England Patriots,26.60246828621039
536,2015-11-01,Baltimore Ravens,24.9130546052003
537,2013-12-01,San Francisco 49ers,22.327542878326774
538,2012-12-16,Atlanta Falcons,27.525324827079515
539,2008-11-30,New York Jets,23.180963870243154
540,2012-11-22,New York Jets,24.79317662864454
541,2017-11-05,Miami Dolphins,23.42706337766467
542,2011-01-02,San Francisco 49ers,21.7809815302837
543,2011-10-23,Carolina Panthers,26.84942231633626
544,2005-12-26,New York Jets,21.172986543659807
545,2005-11-27,Buffalo Bills,19.968926724807563
546,2007-10-14,Cleveland Browns,26.888699237394306
547,2004-10-17,Detroit Lions,24.524804853414068
548,2005-10-16,Dallas Cowboys,29.19913771945825
549,2009-12-13,Chicago Bears,19.968598918437877
550,2016-12-04,Arizona Cardinals,26.0501899933911
551,2010-11-11,Atlanta Falcons,28.32892339309144
552,2011-11-06,Buffalo Bills,24.314339905984937
553,2017-12-14,Indianapolis Colts,21.36831731740759
554,2007-12-09,Houston Texans,24.423143413837202
555,2015-10-25,Miami Dolphins,23.273304612568534
556,2011-12-11,Tennessee Titans,25.963787306120693
557,2005-12-18,Houston Texans,21.409639063332026
558,2008-11-16,Indianapolis Colts,27.733659892677398
559,2009-12-25,Tennessee Titans,26.836121984387354
560,2005-11-13,Tampa Bay Buccaneers,21.35944301643445
561,2003-11-30,St. Louis Rams,23.361589109724026
562,2014-12-28,San Francisco 49ers,23.517502138587655
563,2015-12-20,Oakland Raiders,22.37774637612552
564,2002-10-13,Minnesota Vikings,23.768237586646254
565,2008-12-04,San Diego Chargers,23.798043114352556
566,2009-11-29,St. Louis Rams,25.713933166126612
567,2012-12-16,Dallas Cowboys,25.476438056680504
568,2017-11-05,Jacksonville Jaguars,22.56602740029122
569,2002-12-15,Miami Dolphins,22.445726064329527
570,2008-10-19,Green Bay Packers,22.054284838115358
571,2013-11-03,Houston Texans,24.20607331414332
572,2011-01-02,Indianapolis Colts,28.974324281166957
573,2016-12-11,New York Giants,25.09637628187903
574,2014-10-12,Cleveland Browns,26.228975085405054
575,2010-12-26,Cleveland Browns,20.996508646072428
576,2017-12-17,Oakland Raiders,25.06890182965079
577,2016-12-08,Kansas City Chiefs,24.266883786502287
578,2010-11-14,Buffalo Bills,23.753704581289085
579,2016-12-11,Tampa Bay Buccaneers,25.704070953054618
580,2017-11-19,Cleveland Browns,19.0651101071876
581,2014-10-12,Philadelphia Eagles,27.478249464758314
582,2012-12-02,Tennessee Titans,23.178398456963613
583,2014-11-30,Atlanta Falcons,25.648623533068115
584,2013-10-27,Minnesota Vikings,24.11938148970244
585,2005-10-30,Carolina Panthers,24.59308186359677
586,2004-11-25,Dallas Cowboys,21.47016156403744
587,2015-11-29,New York Jets,26.820902017248823
588,2004-12-12,Minnesota Vikings,27.284048958210406
589,2016-12-18,Kansas City Chiefs,24.569233683479467
590,2016-11-27,Oakland Raiders,24.48633434604835
591,2011-11-06,Tennessee Titans,23.545143528245223
592,2008-10-19,Tampa Bay Buccaneers,24.03486170613064
593,2008-10-12,Atlanta Falcons,23.448015971755353
594,2007-12-16,New Orleans Saints,26.20675182581094
595,2011-11-06,Dallas Cowboys,25.12938483004464
596,2007-11-18,Buffalo Bills,22.65759996506481
597,2013-10-20,Tennessee Titans,24.357644882950673
598,2004-10-17,Dallas Cowboys,22.151804453294872
599,2008-11-13,New England Patriots,24.830079271055233
600,2002-12-01,Indianapolis Colts,25.945847528249008
601,2013-11-17,Denver Broncos,29.209430583381085
602,2002-12-01,San Diego Chargers,20.608052048789727
603,2017-12-18,Tampa Bay Buccaneers,25.842424395918673
604,2014-10-19,Oakland Raiders,26.313677395414004
605,2013-10-27,Denver Broncos,30.327098645797754
606,2008-10-26,Miami Dolphins,26.375676699381636
607,2006-10-22,Miami Dolphins,24.856707393837386
608,2002-12-15,San Francisco 49ers,24.05873101215905
609,2011-11-13,Kansas City Chiefs,24.8931651052423
610,2002-12-01,Philadelphia Eagles,23.510040678455624
611,2005-12-24,St. Louis Rams,24.3011014519978
612,2014-11-23,Houston Texans,26.60851367502196
613,2009-11-01,Philadelphia Eagles,22.918971039849588
614,2011-12-18,Minnesota Vikings,25.93555855347278
615,2003-10-26,New Orleans Saints,27.151357192204927
616,2017-11-26,Atlanta Falcons,27.808657950182827
617,2005-12-04,Carolina Panthers,20.19997687067852
618,2012-11-12,Pittsburgh Steelers,24.440806418262785
619,2006-12-03,Miami Dolphins,21.011861736631452
620,2014-12-07,Miami Dolphins,24.335772351426314
621,2011-11-06,Kansas City Chiefs,25.324520306086498
622,2003-12-27,Washington Redskins,22.658191416524318
623,2013-12-22,Seattle Seahawks,24.242671753457255
624,2012-12-09,Washington Redskins,25.6065003817082
625,2009-12-27,Cincinnati Bengals,23.003313268339717
626,2010-01-03,Tampa Bay Buccaneers,23.083534464863646
627,2009-11-29,San Francisco 49ers,22.533143277192387
628,2012-12-22,Detroit Lions,27.184312615241094
629,2010-11-07,Philadelphia Eagles,21.988818819847754
630,2008-12-28,Buffalo Bills,20.812665203765306
631,2007-10-14,New York Jets,23.880893164765077
632,2017-11-12,Denver Broncos,22.039546729032065
633,2017-10-22,San Francisco 49ers,25.257324157732924
634,2011-01-02,New England Patriots,25.331813236319785
635,2006-11-19,Green Bay Packers,23.774671572663
636,2007-10-21,Dallas Cowboys,27.928749753705567
637,2012-11-25,Kansas City Chiefs,20.56592840205196
638,2014-10-26,New York Jets,22.547939576198843
639,2005-10-16,Seattle Seahawks,26.430670030487924
640,2013-12-22,Detroit Lions,24.217850928965618
641,2014-12-28,Houston Texans,25.979916164144726
642,2017-12-31,Los Angeles Chargers,26.493787500500574
643,2008-12-07,New York Giants,22.94950024552361
644,2003-12-07,Baltimore Ravens,18.314972738885793
645,2014-10-26,New England Patriots,25.617236244004197
646,2005-11-13,Oakland Raiders,26.154351771801345
647,2015-12-27,New Orleans Saints,28.11176104925361
648,2004-11-14,Green Bay Packers,26.53287265400732
649,2004-10-17,Oakland Raiders,21.02324638829289
650,2015-12-27,Tampa Bay Buccaneers,26.17653940880352
651,2011-12-11,Detroit Lions,26.573101699857524
652,2003-11-16,Chicago Bears,21.647701854173214
653,2003-10-19,Buffalo Bills,21.046472378710632
654,2014-10-19,Jacksonville Jaguars,24.88350908172962
655,2008-10-19,Houston Texans,27.367902175481788
656,2006-01-01,Dallas Cowboys,22.735231630091207
657,2004-12-26,Dallas Cowboys,19.685565040978016
658,2013-10-27,New England Patriots,24.91377934510475
659,2004-12-26,Seattle Seahawks,25.56241551797712
660,2009-12-20,San Diego Chargers,26.81366487095587
661,2012-10-25,Minnesota Vikings,24.943803470607293
662,2015-12-07,Washington Redskins,24.26879831417922
663,2002-11-24,New Orleans Saints,26.59833639723594
664,2011-01-02,Atlanta Falcons,24.11652785868469
665,2005-11-13,New York Giants,22.720956508095092
666,2006-10-29,Philadelphia Eagles,23.24678787882475
667,2005-10-17,Indianapolis Colts,28.595406144673216
668,2013-11-03,Cleveland Browns,26.14722373847468
669,2007-12-02,Oakland Raiders,21.79301754071475
670,2005-11-20,San Diego Chargers,24.710917220624005
671,2004-11-28,Denver Broncos,26.08735533363823
672,2004-12-12,Denver Broncos,24.57437537856495
673,2005-11-13,Seattle Seahawks,25.920361678816775
674,2007-11-18,San Francisco 49ers,18.35640271498127
675,2005-12-04,Miami Dolphins,24.3563577749499
676,2005-12-11,Minnesota Vikings,24.36243469705568
677,2007-10-14,Arizona Cardinals,27.98530683838751
678,2012-11-11,Chicago Bears,21.519025679910904
679,2005-01-02,Baltimore Ravens,24.55186615311836
680,2010-12-26,Kansas City Chiefs,23.367584508061487
681,2014-12-07,Tennessee Titans,24.790928185736114
682,2009-12-27,New Orleans Saints,28.298036884072815
683,2017-11-05,Carolina Panthers,22.943824473402508
684,2010-12-05,Kansas City Chiefs,28.048579418499685
685,2004-10-31,Dallas Cowboys,25.71990645023253
686,2014-11-09,Arizona Cardinals,28.401247185612647
687,2005-10-23,Seattle Seahawks,28.44083199853511
688,2016-10-16,Seattle Seahawks,23.24429972299694
689,2016-10-23,Arizona Cardinals,24.023271102016942
690,2015-11-29,Cincinnati Bengals,23.051113133854372
691,2013-12-08,New York Jets,20.269694902444893
692,2012-01-01,Arizona Cardinals,23.89742700809784
693,2005-11-20,San Francisco 49ers,18.810765606045962
694,2008-12-07,Tennessee Titans,26.045670259469013
695,2009-11-09,Denver Broncos,24.928629660871685
696,2013-12-08,Denver Broncos,27.123688076183228
697,2006-12-31,Tampa Bay Buccaneers,22.563446821029164
698,2008-11-30,San Diego Chargers,26.7418315571736
699,2017-11-26,Los Angeles Rams,27.100201677287195
700,2006-12-31,Houston Texans,23.0136089298255
701,2006-12-24,Detroit Lions,21.76199145922647
702,2003-10-26,New England Patriots,22.341781397082077
703,2010-11-01,Indianapolis Colts,29.11347172900068
704,2002-12-01,Cincinnati Bengals,24.647172729681067
705,2013-11-17,Tampa Bay Buccaneers,24.896903042871813
706,2010-11-07,Buffalo Bills,23.759063898283834
707,2005-11-27,Philadelphia Eagles,24.877452755973678
708,2011-12-18,Chicago Bears,20.89133475262926
709,2012-11-18,Pittsburgh Steelers,24.728216038842596
710,2017-12-24,San Francisco 49ers,26.241919813788336
711,2012-10-21,Tampa Bay Buccaneers,26.631072466310286
712,2008-11-17,Buffalo Bills,24.492210233445224
713,2005-11-20,St. Louis Rams,25.165829956109576
714,2010-12-19,Tennessee Titans,22.496035472138182
715,2015-11-12,New York Jets,24.436696604874893
716,2013-12-01,Houston Texans,25.819372628583974
717,2006-12-03,Cleveland Browns,19.477801350947225
718,2006-12-23,Oakland Raiders,21.567561409686
719,2004-11-28,Kansas City Chiefs,22.684628467623792
720,2003-11-30,New York Giants,20.494686069460197
721,2003-11-02,Arizona Cardinals,22.64815603830982
722,2002-12-29,New Orleans Saints,23.066314230458506
723,2006-01-01,Philadelphia Eagles,17.357744772795897
724,2015-12-27,Kansas City Chiefs,22.048693807662932
725,2004-12-05,Jacksonville Jaguars,20.092206337925166
726,2008-12-14,St. Louis Rams,23.117079987422137
727,2002-11-10,San Francisco 49ers,27.397169114691103
728,2013-10-21,New York Giants,22.936863798486076
729,2011-12-04,Cleveland Browns,24.165107690792688
730,2007-11-04,Detroit Lions,24.97549058572256
731,2005-12-11,Buffalo Bills,20.841146082540604
732,2013-11-10,Baltimore Ravens,22.93321996230132
733,2011-12-18,New York Giants,28.499143315210077
734,2013-12-08,New Orleans Saints,26.44413741539254
735,2017-12-31,Detroit Lions,25.576206630538014
736,2012-10-18,San Francisco 49ers,23.22951852412598
737,2009-11-08,Cincinnati Bengals,25.817527609216313
738,2006-11-12,Seattle Seahawks,23.289947683021204
739,2014-11-27,San Francisco 49ers,21.32934122749329
740,2012-11-04,Seattle Seahawks,23.975253763025176
741,2004-11-28,Carolina Panthers,25.43144243353349
742,2011-01-02,New Orleans Saints,24.572778840223318
743,2007-12-29,New York Giants,22.154291291240725
744,2005-11-27,Seattle Seahawks,23.897444985509484
745,2014-11-02,Pittsburgh Steelers,26.755209039602796
746,2014-11-16,St. Louis Rams,20.690121450631032
747,2010-12-05,Green Bay Packers,23.621065770687274
748,2005-12-19,Baltimore Ravens,19.83338344835071
749,2005-10-23,St. Louis Rams,25.146400513583828
750,2012-12-02,Kansas City Chiefs,21.88065892818221
751,2011-12-24,Washington Redskins,26.3271579577589
752,2005-10-30,New England Patriots,28.368448035384215
753,2016-11-13,New York Jets,21.80783455458511
754,2007-10-14,Tampa Bay Buccaneers,23.46219612504905
755,2007-12-30,Baltimore Ravens,21.078074843879048
756,2017-11-30,Dallas Cowboys,24.063336223719205
757,2002-10-27,Washington Redskins,21.21408931224331
758,2016-12-18,Arizona Cardinals,23.59893037372799
759,2010-12-12,Pittsburgh Steelers,25.442502759500726
760,2007-11-04,Philadelphia Eagles,22.859782153002214
761,2009-11-22,New York Giants,23.121781121877376
762,2014-10-12,Arizona Cardinals,27.150373466046265
763,2008-11-16,Miami Dolphins,24.833635600477063
764,2015-12-13,Jacksonville Jaguars,27.09667468041628
765,2003-12-28,New Orleans Saints,25.123559148412934
766,2012-10-28,Green Bay Packers,27.824845295239243
767,2009-12-17,Jacksonville Jaguars,22.33091785812436
768,2009-10-18,Jacksonville Jaguars,23.036026287135797
769,2016-12-05,New York Jets,25.08793193074828
770,2003-12-07,Green Bay Packers,19.504300801171492
771,2002-12-08,Green Bay Packers,23.946452717371514
772,2009-10-25,Cleveland Browns,19.564050566759196
773,2008-11-30,New England Patriots,24.69726132808009
774,2006-11-12,Tennessee Titans,22.81439895026076
775,2002-10-20,Miami Dolphins,25.36715037712326
776,2011-11-28,New Orleans Saints,27.899005944124934
777,2012-11-18,Atlanta Falcons,27.905422826644465
778,2007-10-21,Houston Texans,25.175568546608677
779,2017-11-06,Green Bay Packers,24.00331446079146
780,2006-12-31,San Diego Chargers,24.11186488270188
781,2011-12-11,Miami Dolphins,24.185348976893938
782,2005-12-04,Pittsburgh Steelers,20.82107267554053
783,2008-11-16,Green Bay Packers,22.375461787762433
784,2017-12-17,Jacksonville Jaguars,25.32413531208105
785,2013-12-22,Philadelphia Eagles,27.442791761116826
786,2010-10-17,San Francisco 49ers,21.834695010255157
787,2013-12-29,Indianapolis Colts,27.29753205033223
788,2016-10-23,New York Jets,21.584394479245532
789,2014-12-07,New Orleans Saints,27.63336206227098
790,2002-12-08,Kansas City Chiefs,25.462849594498504
791,2013-12-29,Miami Dolphins,22.780434604973497
792,2007-10-28,San Diego Chargers,26.193035715566072
793,2015-11-08,San Francisco 49ers,22.84770200154753
794,2005-11-06,Minnesota Vikings,23.801476433380053
795,2012-11-11,New England Patriots,29.32219281439287
796,2010-12-19,Seattle Seahawks,26.03204121973588
797,2004-11-28,New York Giants,20.55530257482233
798,2016-11-06,Oakland Raiders,25.43386858557554
799,2016-10-23,Jacksonville Jaguars,26.146310241214003
800,2017-10-29,New Orleans Saints,25.461350241878353
801,2006-11-12,Cincinnati Bengals,25.121841852624925
802,2006-12-03,Pittsburgh Steelers,23.538151332164063
803,2017-12-07,Atlanta Falcons,27.484456472528905
804,2010-12-12,Chicago Bears,22.723295538269717
805,2004-10-24,New York Giants,25.351915707223142
806,2003-11-23,Philadelphia Eagles,24.478737753888144
807,2005-10-23,Houston Texans,20.98041553027224
808,2008-12-28,New Orleans Saints,28.506384944159304
809,2012-11-18,St. Louis Rams,25.288963652363176
810,2011-10-23,Cleveland Browns,26.576783839014254
811,2013-10-27,Detroit Lions,28.59038526074016
812,2004-12-12,Baltimore Ravens,21.78318283943618
813,2008-12-14,Carolina Panthers,25.363716740567867
814,2002-12-29,Buffalo Bills,21.58657475649093
815,2002-11-24,Carolina Panthers,23.847524402798413
816,2002-11-17,Philadelphia Eagles,24.50048518333846
817,2015-11-22,Detroit Lions,26.134248525019313
818,2005-10-30,Houston Texans,20.970258602153667
819,2004-11-21,New York Giants,21.769349342668875
820,2010-12-05,Arizona Cardinals,24.502812730681967
821,2002-10-20,New York Jets,21.69545276085054
822,2005-12-04,Kansas City Chiefs,24.40823725569234
823,2017-10-15,Arizona Cardinals,28.078404128832204
824,2012-11-01,San Diego Chargers,22.05033836692573
825,2008-11-09,Miami Dolphins,24.69433258873261
826,2008-10-12,Denver Broncos,27.45782066192931
827,2007-12-09,New England Patriots,25.376867754470283
828,2005-11-13,Detroit Lions,22.29035486710972
829,2017-11-12,Jacksonville Jaguars,26.11723803317034
830,2010-11-14,Tampa Bay Buccaneers,23.549779332658265
831,2015-11-16,Cincinnati Bengals,25.531514202058442
832,2012-11-05,New Orleans Saints,31.374029491132337
833,2013-11-24,Miami Dolphins,21.347009627206226
834,2017-10-29,New York Jets,22.824918014653058
835,2006-12-31,New Orleans Saints,26.115209019276648
836,2017-12-10,Denver Broncos,23.53547140671754
837,2013-12-15,Cleveland Browns,22.41503524492429
838,2015-11-29,Denver Broncos,24.15580350831554
839,2008-12-14,Oakland Raiders,21.407265614862485
840,2006-11-19,Dallas Cowboys,25.317701904789423
841,2005-10-30,San Francisco 49ers,17.249616221665548
842,2007-10-14,Jacksonville Jaguars,23.348605743321635
843,2011-12-24,Pittsburgh Steelers,24.304410643708486
844,2005-01-02,San Diego Chargers,24.706310792329077
845,2006-10-29,Cleveland Browns,20.377945925642173
846,2016-12-24,Los Angeles Rams,22.84701355679442
847,2010-01-03,Denver Broncos,23.389962651146934
848,2009-11-26,Denver Broncos,21.254855586167007
849,2006-10-22,Kansas City Chiefs,21.11015295244471
850,2016-11-27,New York Jets,23.296645296975154
851,2017-12-25,Houston Texans,24.972584444871263
852,2007-12-02,Kansas City Chiefs,20.275520655606627
853,2008-10-12,Houston Texans,23.570879377961077
854,2004-10-31,San Diego Chargers,26.112887785765516
855,2005-12-18,Tennessee Titans,23.717589291873065
856,2010-11-14,New York Giants,26.597825708098824
857,2015-12-27,Arizona Cardinals,28.88141106756546
858,2006-12-17,New Orleans Saints,30.011826383520965
859,2017-10-29,Philadelphia Eagles,26.731044431973558
860,2013-12-15,Pittsburgh Steelers,23.38744068147576
861,2009-12-20,Denver Broncos,26.558673513292177
862,2008-10-26,Dallas Cowboys,23.146815697072427
863,2015-12-20,Washington Redskins,24.735324342399018
864,2006-01-01,New England Patriots,25.025990595088935
865,2004-11-21,Minnesota Vikings,24.93917670384353
866,2017-10-29,Pittsburgh Steelers,27.79264786627502
867,2002-11-17,Dallas Cowboys,21.261274520169188
868,2014-10-30,New Orleans Saints,29.595883376711058
869,2004-12-13,Kansas City Chiefs,23.963227890023617
870,2017-12-03,Cleveland Browns,23.489694949160757
871,2015-10-25,Buffalo Bills,25.193258252281588
872,2012-12-23,New York Giants,26.829298800909058
873,2002-12-15,Dallas Cowboys,21.931141303088218
874,2008-11-16,Detroit Lions,23.243958768674318
875,2003-11-16,Kansas City Chiefs,29.413711002028464
876,2011-10-30,Arizona Cardinals,21.977994500526282
877,2010-11-25,New Orleans Saints,28.455832110209748
878,2013-12-15,San Francisco 49ers,23.87188743330229
879,2004-11-28,New York Jets,23.5046179570467
880,2003-12-07,Arizona Cardinals,21.52963784395149
881,2005-11-06,New York Giants,25.687772001097823
882,2015-11-29,Oakland Raiders,25.955646199092925
883,2015-11-22,St. Louis Rams,23.321283618989664
884,2017-12-03,Denver Broncos,23.895557208466016
885,2013-10-13,Oakland Raiders,23.48383522998714
886,2017-10-22,Carolina Panthers,22.145115381045983
887,2015-11-22,Indianapolis Colts,24.999705934933033
888,2015-11-15,Kansas City Chiefs,23.95517041597221
889,2006-11-19,Seattle Seahawks,22.33245833932107
890,2014-11-16,Cincinnati Bengals,23.215198429293814
891,2013-10-13,Green Bay Packers,24.576761524206418
892,2017-11-05,Los Angeles Rams,26.525709336248298
893,2002-10-27,Cleveland Browns,23.206130883669957
894,2013-11-24,Dallas Cowboys,22.45863533100135
895,2014-11-09,New York Giants,23.702816870320568
896,2003-11-16,Baltimore Ravens,20.152915618714275
897,2010-12-12,Philadelphia Eagles,28.2600748100643
898,2002-10-27,Chicago Bears,25.042817638322187
899,2002-12-21,San Francisco 49ers,25.934434905908088
900,2012-12-23,Indianapolis Colts,24.883817929987128
901,2011-10-16,Cleveland Browns,26.388446585905346
902,2006-10-29,Baltimore Ravens,23.20196550333445
903,2004-11-21,San Diego Chargers,25.67815720781501
904,2013-10-27,Buffalo Bills,24.945216069416997
905,2014-10-26,Philadelphia Eagles,27.702385926206475
906,2016-11-13,Chicago Bears,29.555245511079097
907,2015-11-01,Seattle Seahawks,25.30065450747532
908,2009-12-13,New Orleans Saints,29.93089391614982
909,2008-12-21,Miami Dolphins,23.94836210615934
910,2016-12-04,Miami Dolphins,23.209500888397486
911,2017-10-15,Green Bay Packers,25.637253196476497
912,2012-12-30,Dallas Cowboys,28.676617699771057
913,2012-12-23,Buffalo Bills,22.510749005570332
914,2002-12-01,Seattle Seahawks,25.792664294282837
915,2017-01-01,Baltimore Ravens,24.82487658502003
916,2015-12-13,Seattle Seahawks,25.838188830990376
917,2003-11-16,Arizona Cardinals,22.849913932689333
918,2003-12-14,Houston Texans,18.50578830096639
919,2004-12-25,Denver Broncos,25.600820729374647
920,2011-12-25,Chicago Bears,20.054006913879412
921,2013-10-20,Tampa Bay Buccaneers,24.85872533745333
922,2004-12-05,Kansas City Chiefs,27.24891903275222
923,2015-12-13,Dallas Cowboys,20.16375841700915
924,2014-11-30,New York Giants,29.36858142895261
925,2002-11-03,Pittsburgh Steelers,26.231856103612934
926,2017-11-23,Minnesota Vikings,28.062128862425936
927,2011-12-24,Jacksonville Jaguars,21.555929194292847
928,2012-11-25,Seattle Seahawks,25.316124229278184
929,2011-12-18,Detroit Lions,25.804734693341718
930,2003-11-02,Jacksonville Jaguars,22.99482641931036
931,2005-12-11,Oakland Raiders,21.4380745133967
932,2003-11-09,Tampa Bay Buccaneers,21.887769802282783
933,2004-11-07,Houston Texans,27.43839764656968
934,2010-10-24,New England Patriots,24.451865325743096
935,2006-10-15,Cincinnati Bengals,23.672130884548604
936,2010-11-07,New Orleans Saints,24.20188666322963
937,2008-12-21,Carolina Panthers,25.260447152719248
938,2017-12-31,New York Jets,21.78530351205606
939,2002-12-29,Arizona Cardinals,21.97746617025125
940,2017-10-29,Dallas Cowboys,26.43567260551201
941,2017-01-01,Arizona Cardinals,25.792324058360272
942,2014-12-14,Oakland Raiders,21.497408782728712
943,2002-12-22,Cleveland Browns,23.798030041068486
944,2012-11-11,St. Louis Rams,22.305686676279564
945,2006-10-30,New England Patriots,25.65891933524137
946,2002-12-01,Arizona Cardinals,22.000238962255786
947,2006-11-05,Green Bay Packers,23.70176161283674
948,2015-11-29,New York Giants,28.604691686625245
949,2008-11-09,Buffalo Bills,22.49870317290037
950,2011-10-17,Miami Dolphins,22.462466785851362
951,2003-12-21,San Francisco 49ers,23.96690821351795
952,2012-12-23,Washington Redskins,25.731534476423537
953,2013-12-01,Atlanta Falcons,23.146169839085182
954,2007-10-28,Indianapolis Colts,28.65053096199824
955,2007-12-23,Washington Redskins,23.707114618525846
956,2012-11-11,Oakland Raiders,26.055519984391832
957,2010-10-24,Cleveland Browns,22.934967440734297
958,2016-11-20,Tampa Bay Buccaneers,27.066611286512444
959,2010-11-07,Arizona Cardinals,20.579805614869066
960,2017-12-04,Pittsburgh Steelers,28.024557612939326
961,2009-11-30,New England Patriots,27.9017175017705
962,2015-12-20,Cincinnati Bengals,26.325078532509686
963,2012-12-23,San Diego Chargers,20.503895985205318
964,2009-11-08,Arizona Cardinals,20.509917605747994
965,2004-10-31,Cincinnati Bengals,24.107085907631074
966,2014-10-19,Kansas City Chiefs,25.8290112993989
967,2011-11-27,Minnesota Vikings,23.35497479122643
968,2004-10-31,San Francisco 49ers,25.485027898005196
969,2003-11-16,Dallas Cowboys,20.117979531371475
970,2008-11-23,Tampa Bay Buccaneers,26.85260874405762
971,2002-12-29,Miami Dolphins,22.957523793919624
972,2012-10-28,New England Patriots,28.394931251945394
973,2013-11-17,Green Bay Packers,23.191631201415916
974,2017-11-05,Tampa Bay Buccaneers,26.389933769629707
975,2005-11-06,Tennessee Titans,21.80388784978677
976,2013-11-10,Dallas Cowboys,26.452347902103355
977,2006-10-29,Arizona Cardinals,21.648119811803305
978,2013-12-29,Philadelphia Eagles,29.970578643137856
979,2014-10-26,Seattle Seahawks,27.812733565102945
980,2012-12-30,Baltimore Ravens,23.43917516213626
981,2008-11-16,New Orleans Saints,27.6901357502782
982,2005-12-11,Cleveland Browns,22.48278521256749
983,2002-10-27,Oakland Raiders,24.91206020117073
984,2013-11-10,Detroit Lions,28.846518252756436
985,2006-12-10,New Orleans Saints,28.596442145797916
986,2014-10-12,Chicago Bears,26.674025534383468
987,2007-11-04,Green Bay Packers,25.26373429597691
988,2014-12-07,Houston Texans,27.51210526526282
989,2012-12-09,Miami Dolphins,22.04941621451133
990,2004-11-14,Chicago Bears,18.337928653821137
991,2010-11-21,Tampa Bay Buccaneers,23.06749590438154
992,2008-11-27,Seattle Seahawks,21.39227786813229
993,2012-12-06,Denver Broncos,27.562092588472105
994,2007-12-30,St. Louis Rams,24.40567188813982
995,2012-11-04,Dallas Cowboys,27.997252315813313
996,2007-12-09,St. Louis Rams,21.87086579620121
997,2009-12-06,Minnesota Vikings,30.21324961794083
998,2008-12-28,Chicago Bears,22.376605726511315
999,2003-11-09,Minnesota Vikings,25.028676523351812
1000,2013-11-10,Oakland Raiders,19.755215480067598
1001,2005-12-24,Detroit Lions,22.887003234232303
1002,2004-12-05,Tennessee Titans,24.137747767732257
1003,2005-12-24,Philadelphia Eagles,17.65328685292227
1004,2004-12-19,Seattle Seahawks,22.998414541786474
1005,2004-11-14,Tampa Bay Buccaneers,26.973689117364273
1006,2006-11-19,St. Louis Rams,24.89705904963727
1007,2008-11-16,Baltimore Ravens,24.320426540857703
1008,2006-12-03,Minnesota Vikings,20.545624122281907
1009,2009-11-15,New Orleans Saints,28.0111397053564
1010,2002-11-17,Carolina Panthers,20.472823482902996
1011,2017-10-22,New York Jets,22.176276050332746
1012,2014-11-16,San Francisco 49ers,26.59690776962846
1013,2015-12-13,New England Patriots,26.05519999330492
1014,2009-10-18,Buffalo Bills,20.566634223156267
1015,2010-12-19,Philadelphia Eagles,25.11884719308233
1016,2010-10-17,Miami Dolphins,22.929895930912004
1017,2011-12-04,New York Jets,24.435645839968327
1018,2005-12-24,New York Giants,24.006262822727493
1019,2004-11-14,Pittsburgh Steelers,25.35441242741262
1020,2017-11-26,Seattle Seahawks,24.12001423312745
1021,2006-10-16,Chicago Bears,26.808257857117148
1022,2015-10-18,Denver Broncos,25.095518186858484
1023,2011-11-13,Houston Texans,28.228981386458344
1024,2015-10-26,Baltimore Ravens,26.129677284736864
1025,2016-12-25,Denver Broncos,25.105927754312354
1026,2008-11-20,Cincinnati Bengals,18.02129374658751
1027,2016-12-04,New York Giants,23.92583886997611
1028,2007-12-16,Buffalo Bills,21.237513241519856
1029,2005-11-06,Carolina Panthers,24.959245815603456
1030,2012-12-30,Miami Dolphins,23.729625633884094
1031,2007-10-21,Arizona Cardinals,22.80037134436733
1032,2006-12-03,Seattle Seahawks,22.084609812542823
1033,2013-11-24,Jacksonville Jaguars,24.62898661265543
1034,2013-11-24,Tampa Bay Buccaneers,24.87586055093338
1035,2006-11-19,Tennessee Titans,21.601236895848956
1036,2010-12-16,San Francisco 49ers,20.564946857291414
1037,2016-10-23,Cleveland Browns,26.418198279469472
1038,2002-11-25,Philadelphia Eagles,26.35895001462257
1039,2006-12-17,Houston Texans,20.098160394177672
1040,2012-12-02,Arizona Cardinals,22.23911700339938
1041,2014-12-28,Philadelphia Eagles,25.71427029355402
1042,2012-11-18,Cincinnati Bengals,24.09405716267649
1043,2013-10-20,San Diego Chargers,26.262458990098587
1044,2014-11-02,San Diego Chargers,24.09585610645761
1045,2002-10-13,Miami Dolphins,24.48212589678127
1046,2005-11-27,St. Louis Rams,25.258631514774486
1047,2012-12-09,New Orleans Saints,25.72790375742588
1048,2004-12-19,Minnesota Vikings,24.840992978189043
1049,2017-11-12,Cleveland Browns,23.287767026458827
1050,2008-12-21,Arizona Cardinals,22.34454410952492
1051,2007-11-18,Chicago Bears,24.7578125721139
1052,2009-11-29,Miami Dolphins,24.665916217233246
1053,2017-12-03,Los Angeles Rams,27.28883933353395
1054,2009-11-22,Washington Redskins,22.40513930464556
1055,2013-12-01,Arizona Cardinals,27.134673386147494
1056,2007-11-04,Houston Texans,23.980312542150074
1057,2013-12-08,Detroit Lions,27.082587555113868
1058,2009-12-03,New York Jets,23.922474360064758
1059,2007-11-26,Miami Dolphins,19.413170900090254
1060,2017-10-22,Baltimore Ravens,21.329227664749006
1061,2010-12-19,Green Bay Packers,26.03586131205274
1062,2003-12-14,Dallas Cowboys,19.869006971393347
1063,2016-12-04,Tampa Bay Buccaneers,27.94189712715815
1064,2010-11-14,Kansas City Chiefs,27.69949025877473
1065,2011-01-02,New York Giants,24.279685870446986
1066,2017-01-01,Cleveland Browns,20.390113836147325
1067,2011-11-27,Carolina Panthers,25.483515784164304
1068,2015-10-18,Baltimore Ravens,29.096791592787877
1069,2009-11-22,Cincinnati Bengals,25.267209101520827
1070,2014-12-18,Tennessee Titans,24.305876737139883
1071,2010-12-23,Carolina Panthers,20.340758091927256
1072,2014-12-14,Pittsburgh Steelers,29.411046721803928
1073,2016-10-16,Dallas Cowboys,27.83175686283436
1074,2003-11-23,Seattle Seahawks,22.646222324895724
1075,2004-11-14,Buffalo Bills,23.22350412597927
1076,2006-11-19,Chicago Bears,21.777163778441732
1077,2007-10-21,Pittsburgh Steelers,24.188874327332268
1078,2006-12-11,Chicago Bears,22.338665121972653
1079,2016-11-06,Pittsburgh Steelers,24.73367621067055
1080,2002-12-29,Green Bay Packers,22.626442787569665
1081,2014-10-26,Green Bay Packers,27.978980414696565
1082,2014-11-09,San Francisco 49ers,26.05770537917636
1083,2008-11-09,Kansas City Chiefs,22.519062944539023
1084,2006-12-31,St. Louis Rams,26.119389683874257
1085,2006-11-26,New York Giants,23.418091051020134
1086,2014-11-09,Dallas Cowboys,24.53566155706303
1087,2002-11-10,New England Patriots,23.793881493511925
1088,2006-10-15,New York Giants,25.07037842563109
1089,2004-10-31,New England Patriots,23.386179596650507
1090,2013-12-09,Dallas Cowboys,22.323039715588845
1091,2012-12-02,Cleveland Browns,24.485399288017994
1092,2006-12-10,Minnesota Vikings,24.33483480052344
1093,2004-12-19,New Orleans Saints,21.944763024898524
1094,2012-11-29,New Orleans Saints,26.86363385338595
1095,2015-12-27,Carolina Panthers,29.510396858465192
1096,2004-12-26,San Diego Chargers,24.86809613418059
1097,2010-12-12,Seattle Seahawks,26.062387859106906
1098,2010-10-18,Tennessee Titans,24.250239405872975
1099,2009-11-29,Carolina Panthers,24.142536880100618
1100,2002-12-15,Carolina Panthers,17.784702474054594
1101,2007-11-18,Kansas City Chiefs,21.204911106874945
1102,2004-12-19,Buffalo Bills,22.84468816634828
1103,2007-10-28,Oakland Raiders,20.384348348396585
1104,2013-10-13,Tennessee Titans,24.300261293870406
1105,2005-12-17,Kansas City Chiefs,28.26802644385691
1106,2016-10-16,Cincinnati Bengals,23.78112132733965
1107,2012-12-23,New England Patriots,29.804830801109095
1108,2004-10-17,San Diego Chargers,26.34712259936355
1109,2004-12-12,Cleveland Browns,20.35466548866162
1110,2008-10-12,Baltimore Ravens,22.370059009400492
1111,2017-11-19,Kansas City Chiefs,26.445063957298203
1112,2012-01-01,Tennessee Titans,26.02981260925172
1113,2011-11-21,Kansas City Chiefs,24.278311387484532
1114,2005-12-11,New York Giants,21.785620319034035
1115,2016-11-06,Jacksonville Jaguars,26.831219648985172
1116,2008-12-07,Miami Dolphins,25.80044852198722
1117,2010-01-03,New York Giants,27.018948632150725
1118,2012-12-16,Kansas City Chiefs,24.27238322639661
1119,2008-12-07,New York Jets,25.210819960771154
1120,2013-12-29,Washington Redskins,22.228983820335547
1121,2002-12-29,Dallas Cowboys,18.93416476956178
1122,2005-12-12,New Orleans Saints,22.73029542018672
1123,2011-11-13,Arizona Cardinals,22.00572988490143
1124,2016-10-30,New England Patriots,28.522805350963154
1125,2006-12-25,New York Jets,23.022485644858147
1126,2012-12-30,Carolina Panthers,27.011402667148257
1127,2017-12-31,Houston Texans,24.204697691952237
1128,2014-10-12,San Diego Chargers,29.068829687214247
1129,2012-10-22,Detroit Lions,25.586249039147496
1130,2016-10-30,Philadelphia Eagles,24.03810088889931
1131,2008-10-26,San Diego Chargers,22.464570205544987
1132,2013-12-01,Jacksonville Jaguars,21.334142776012442
1133,2008-10-26,New York Giants,23.017083358707815
1134,2005-10-30,Washington Redskins,27.580191461746985
1135,2017-10-15,New England Patriots,25.453478640581956
1136,2002-12-30,San Francisco 49ers,26.157283972639725
1137,2016-12-11,New York Jets,23.966767829741556
1138,2013-12-22,Denver Broncos,28.84908659381837
1139,2013-12-15,Buffalo Bills,23.848197044510464
1140,2017-11-26,Chicago Bears,21.23278186261807
1141,2012-10-14,Buffalo Bills,25.05291774385809
1142,2013-12-15,New Orleans Saints,27.457090215304326
1143,2011-11-24,San Francisco 49ers,26.3633578239048
1144,2008-10-12,Detroit Lions,22.117693763596524
1145,2014-12-28,New Orleans Saints,27.375716569496376
1146,2013-10-13,Washington Redskins,27.797199558872535
1147,2004-11-28,Buffalo Bills,21.201800735612494
1148,2002-10-20,Denver Broncos,26.759460053490457
1149,2016-01-03,Pittsburgh Steelers,23.22084884954886
1150,2009-10-25,San Francisco 49ers,20.595434709316528
1151,2002-12-08,New York Giants,25.063974717880914
1152,2016-01-03,Tampa Bay Buccaneers,27.936951439955557
1153,2003-11-30,Philadelphia Eagles,24.595011257455305
1154,2011-10-16,Buffalo Bills,26.42035443430028
1155,2003-10-26,Dallas Cowboys,24.564411951899103
1156,2003-12-14,Seattle Seahawks,26.723960410079435
1157,2005-10-23,Pittsburgh Steelers,22.64671951443208
1158,2003-11-09,Houston Texans,25.14203844788107
1159,2014-10-12,Denver Broncos,29.56339081506892
1160,2010-10-17,Atlanta Falcons,24.796449227016083
1161,2017-12-03,Indianapolis Colts,22.222685999705636
1162,2015-10-18,Kansas City Chiefs,22.69584481981163
1163,2006-11-26,Cincinnati Bengals,27.434046374601365
1164,2013-12-08,Kansas City Chiefs,22.66646872524703
1165,2004-11-14,Detroit Lions,25.52318634895827
1166,2002-12-01,Tennessee Titans,20.906368370257226
1167,2008-11-16,St. Louis Rams,22.128747126920867
1168,2013-11-28,Green Bay Packers,26.233069706675472
1169,2002-11-17,Jacksonville Jaguars,22.447968974201146
1170,2013-12-15,Green Bay Packers,27.190313740391968
1171,2005-12-11,Detroit Lions,20.785489812435692
1172,2003-11-02,Washington Redskins,19.13214772210353
1173,2004-11-14,Kansas City Chiefs,32.01826524477116
1174,2012-01-01,Baltimore Ravens,23.027576315632967
1175,2009-11-08,Detroit Lions,20.840597458342025
1176,2004-10-17,Miami Dolphins,20.558573717026782
1177,2012-10-14,Dallas Cowboys,23.822313493094324
1178,2015-10-25,Cleveland Browns,27.169251213936626
1179,2011-12-24,Denver Broncos,24.237548048493615
1180,2005-11-20,New Orleans Saints,23.637325183058937
1181,2007-11-11,Cincinnati Bengals,24.93117444244681
1182,2012-11-18,San Diego Chargers,22.284707745044862
1183,2016-10-30,Washington Redskins,25.900252885302223
1184,2017-11-13,Miami Dolphins,23.624528438838144
1185,2008-12-07,Dallas Cowboys,19.949755542465294
1186,2014-11-23,Green Bay Packers,29.815113896358064
1187,2004-10-24,Dallas Cowboys,24.295773038414985
1188,2002-11-24,Indianapolis Colts,22.438305913077976
1189,2016-10-23,New York Giants,24.727214443194526
1190,2017-11-19,Philadelphia Eagles,25.274734844341964
1191,2016-11-13,Seattle Seahawks,26.392377933936974
1192,2002-11-24,Buffalo Bills,21.92656813582909
1193,2003-10-20,Kansas City Chiefs,27.361729243325534
1194,2008-12-21,Cincinnati Bengals,21.507941997331578
1195,2017-10-15,Los Angeles Chargers,29.047593351790745
1196,2002-11-24,Oakland Raiders,29.811595926839097
1197,2005-01-02,Green Bay Packers,23.609118841315574
1198,2016-10-23,San Diego Chargers,24.912137979858855
1199,2006-10-15,Seattle Seahawks,24.038619967994407
1200,2006-10-22,Carolina Panthers,21.778772693880388
1201,2006-12-16,Dallas Cowboys,26.981058440795675
1202,2013-11-11,Miami Dolphins,23.494207595812
1203,2006-11-05,Tennessee Titans,21.97477230382149
1204,2012-12-02,Tampa Bay Buccaneers,25.627262658407236
1205,2015-11-23,Buffalo Bills,23.749147995464554
1206,2005-11-20,Philadelphia Eagles,22.54757406205544
1207,2010-11-07,San Diego Chargers,26.340827596236245
1208,2009-12-06,Detroit Lions,20.681865533155808
1209,2005-10-16,Atlanta Falcons,26.54809414793051
1210,2011-10-30,Minnesota Vikings,25.17171149972232
1211,2014-11-17,Pittsburgh Steelers,27.581536858778982
1212,2016-12-11,Seattle Seahawks,27.37551399392769
1213,2008-11-30,Chicago Bears,23.378217053988106
1214,2010-11-07,New York Jets,23.77828391518344
1215,2003-10-26,New York Jets,23.11071313425486
1216,2012-12-02,Pittsburgh Steelers,19.64389558737052
1217,2011-12-18,Green Bay Packers,23.940834782923716
1218,2006-11-12,Buffalo Bills,19.48450007417627
1219,2010-11-14,Cincinnati Bengals,25.103819710209677
1220,2017-12-31,Cleveland Browns,21.37536129426489
1221,2014-11-23,Washington Redskins,23.862814214314675
1222,2004-12-26,Baltimore Ravens,20.90484340092499
1223,2012-11-25,St. Louis Rams,24.22766708975947
1224,2008-11-09,Jacksonville Jaguars,26.37430678209351
1225,2014-12-07,Seattle Seahawks,24.31927831134346
1226,2003-11-09,Atlanta Falcons,20.70728588372383
1227,2003-10-19,New York Jets,27.77585964902733
1228,2010-12-19,Washington Redskins,25.610130664266507
1229,2017-12-17,New York Jets,25.957428093141367
1230,2003-12-14,San Francisco 49ers,23.35506125809904
1231,2009-12-13,Philadelphia Eagles,25.316423535967992
1232,2017-12-24,Los Angeles Rams,22.81894337292419
1233,2012-12-23,Oakland Raiders,23.69237815155836
1234,2009-10-18,Cleveland Browns,18.120939481151066
1235,2016-11-13,Green Bay Packers,26.91699976074051
1236,2002-12-21,Miami Dolphins,24.133148273871207
1237,2007-12-02,New York Giants,20.68263145505679
1238,2003-12-20,Kansas City Chiefs,28.581458988727878
1239,2004-10-24,New Orleans Saints,24.583787294600057
1240,2015-12-13,New Orleans Saints,23.049301078417155
1241,2002-11-10,Indianapolis Colts,21.199690559245195
1242,2017-10-22,Seattle Seahawks,27.219477198524128
1243,2007-12-02,Cleveland Browns,25.479306373417536
1244,2012-11-04,Tampa Bay Buccaneers,27.65678552829942
1245,2017-01-01,New Orleans Saints,27.728081938294707
1246,2005-11-27,Miami Dolphins,23.153716595839402
1247,2003-11-16,New York Giants,25.218163253950095
1248,2014-11-16,New England Patriots,31.52143532444651
1249,2017-10-22,Jacksonville Jaguars,26.514815880193872
1250,2006-11-19,San Diego Chargers,25.44419255133782
1251,2013-10-13,Detroit Lions,24.977621612429548
1252,2017-12-17,Tennessee Titans,21.676705510694855
1253,2010-01-03,New Orleans Saints,27.27193668077049
1254,2014-11-09,Atlanta Falcons,25.669575684856998
1255,2014-10-19,Cincinnati Bengals,27.429314942188206
1256,2017-12-17,Arizona Cardinals,22.550974832583275
1257,2009-12-27,Jacksonville Jaguars,24.006947676818516
1258,2005-01-02,Detroit Lions,26.74339079546231
1259,2015-12-27,St. Louis Rams,21.716934288317244
1260,2014-12-21,Seattle Seahawks,25.44534301733203
1261,2010-11-21,Cleveland Browns,25.008633483669783
1262,2013-10-14,Indianapolis Colts,26.70201744640523
1263,2002-11-04,Miami Dolphins,22.986843561340404
1264,2010-12-26,New York Jets,22.42064376322563
1265,2009-10-25,Arizona Cardinals,22.96171449991101
1266,2004-10-31,Indianapolis Colts,26.2600289244959
1267,2011-12-11,Oakland Raiders,24.981547599220015
1268,2013-12-08,Indianapolis Colts,22.335073740057158
1269,2014-11-02,Philadelphia Eagles,27.54749730717758
1270,2015-11-15,Dallas Cowboys,22.59951586799728
1271,2006-11-05,Denver Broncos,21.48681460955619
1272,2010-11-21,Oakland Raiders,23.427849486669643
1273,2007-12-02,Buffalo Bills,23.441717409194382
1274,2015-10-18,Chicago Bears,25.279278211541737
1275,2002-11-17,San Francisco 49ers,27.941982600058857
1276,2003-10-19,Baltimore Ravens,20.92294552281245
1277,2015-11-22,Dallas Cowboys,23.59134874875116
1278,2010-12-05,Buffalo Bills,25.374195381159048
1279,2012-11-18,Tampa Bay Buccaneers,27.877508165648074
1280,2007-12-23,New York Jets,21.32524558491072
1281,2008-12-21,Buffalo Bills,21.919626075620563
1282,2014-11-09,Pittsburgh Steelers,28.083273403957413
1283,2017-11-12,Minnesota Vikings,25.716149491700982
1284,2015-12-20,Houston Texans,26.221453525937726
1285,2012-10-14,Kansas City Chiefs,25.789503041985242
1286,2012-12-23,St. Louis Rams,25.95385354425998
1287,2007-10-21,New England Patriots,26.18677935248789
1288,2003-12-14,Carolina Panthers,25.168983904049803
1289,2013-10-24,Carolina Panthers,25.695353734134528
1290,2011-10-23,Green Bay Packers,29.01980681453358
1291,2011-12-24,Philadelphia Eagles,25.29335498562896
1292,2010-11-07,Kansas City Chiefs,26.172535051603525
1293,2002-11-24,Detroit Lions,23.869324385178125
1294,2013-12-08,New York Giants,23.29638363887116
1295,2010-11-28,Minnesota Vikings,25.1141605727124
1296,2016-12-24,Cincinnati Bengals,25.47488049774516
1297,2012-11-08,Indianapolis Colts,28.401003530055796
1298,2003-10-27,Miami Dolphins,22.879060377636485
1299,2014-12-21,New England Patriots,28.739311260446577
1300,2006-11-05,Houston Texans,21.55124597599409
1301,2005-01-02,New Orleans Saints,23.92186191613054
1302,2012-11-15,Miami Dolphins,22.466229014872496
1303,2004-11-15,Philadelphia Eagles,23.931313512375496
1304,2011-12-24,Miami Dolphins,25.246037480639703
1305,2004-12-05,San Francisco 49ers,21.776191516612077
1306,2011-12-04,Carolina Panthers,24.621185948764598
1307,2006-01-01,Detroit Lions,20.08628971007917
1308,2016-12-04,San Francisco 49ers,25.222546568416245
1309,2004-11-07,Oakland Raiders,24.164439924647787
1310,2017-12-31,Dallas Cowboys,23.603135992358165
1311,2011-12-11,Tampa Bay Buccaneers,20.04076730160172
1312,2013-10-31,Cincinnati Bengals,27.931940275320265
1313,2004-10-17,San Francisco 49ers,23.706406398971577
1314,2002-10-21,Indianapolis Colts,24.48709210071951
1315,2010-12-19,New Orleans Saints,24.346850683735987
1316,2014-12-14,New York Jets,23.551377914344396
1317,2006-12-10,Denver Broncos,21.011916129351395
1318,2011-11-13,Jacksonville Jaguars,22.381117514174502
1319,2015-12-06,New York Jets,27.304207759502134
1320,2016-10-24,Houston Texans,24.461654984208753
1321,2013-12-15,Houston Texans,26.027359857062663
1322,2011-11-20,Cincinnati Bengals,24.499849646182962
1323,2010-11-21,Detroit Lions,27.737073789382755
1324,2004-10-31,Jacksonville Jaguars,27.84133703457172
1325,2008-11-09,St. Louis Rams,21.534026185805104
1326,2013-11-24,Minnesota Vikings,22.981550024435055
1327,2016-01-03,Oakland Raiders,21.68907420738704
1328,2009-11-22,Cleveland Browns,21.080042739520998
1329,2017-12-31,Jacksonville Jaguars,29.527398980531373
1330,2009-10-25,New Orleans Saints,27.65310143805486
1331,2013-10-13,Pittsburgh Steelers,20.642590798482154
1332,2012-12-23,Cincinnati Bengals,20.895732476485282
1333,2006-12-10,Indianapolis Colts,24.430063510002686
1334,2011-10-24,Baltimore Ravens,24.29154607824569
1335,2004-10-31,Atlanta Falcons,21.60389650996794
1336,2010-11-28,Jacksonville Jaguars,25.02981878010528
1337,2016-11-13,San Francisco 49ers,23.32305364578463
1338,2007-11-25,Seattle Seahawks,25.88448762866146
1339,2006-12-30,New York Giants,23.584922691020402
1340,2008-10-26,St. Louis Rams,22.852431430269725
1341,2003-11-24,New York Giants,24.37917745232022
1342,2015-11-05,Cleveland Browns,25.642403209342568
1343,2005-01-02,Cincinnati Bengals,23.677603862050397
1344,2002-12-21,Philadelphia Eagles,24.406254139778245
1345,2014-12-07,St. Louis Rams,25.130643450284097
1346,2014-11-02,Arizona Cardinals,26.332420243606904
1347,2007-11-12,San Francisco 49ers,19.740686673912926
1348,2007-12-06,Chicago Bears,23.294916684021565
1349,2008-11-16,Arizona Cardinals,26.838245725418837
1350,2012-12-16,Seattle Seahawks,23.73585475301361
1351,2008-11-03,Pittsburgh Steelers,20.831691928431937
1352,2011-12-24,San Francisco 49ers,22.385634274665854
1353,2004-10-24,Buffalo Bills,21.87630031766639
1354,2015-11-01,Tennessee Titans,25.006819320480044
1355,2016-01-03,San Diego Chargers,23.28158445818826
1356,2015-12-06,Philadelphia Eagles,28.397422295363135
1357,2007-12-09,Oakland Raiders,22.241987418961003
1358,2003-11-03,New England Patriots,23.3816889178046
1359,2013-12-15,Seattle Seahawks,27.297790837910615
1360,2005-01-02,New York Jets,25.196248920714687
1361,2004-12-26,Carolina Panthers,22.306627337921995
1362,2006-10-29,Indianapolis Colts,26.778765934132608
1363,2017-12-03,New England Patriots,25.827702716000232
1364,2013-11-17,Washington Redskins,28.23457980857448
1365,2008-11-23,Indianapolis Colts,28.669463890460584
1366,2010-10-31,Minnesota Vikings,23.496647844105198
1367,2006-12-24,Washington Redskins,25.135164803171417
1368,2014-12-20,Philadelphia Eagles,27.69469990356953
1369,2010-11-21,Buffalo Bills,23.043706260872476
1370,2012-12-09,Tennessee Titans,22.621640718171495
1371,2014-10-19,Miami Dolphins,23.549724529469877
1372,2016-10-16,Kansas City Chiefs,25.93842066037867
1373,2010-12-05,Jacksonville Jaguars,24.055670799916
1374,2004-11-28,Miami Dolphins,23.169513921947676
1375,2007-11-25,Philadelphia Eagles,23.95844423179497
1376,2002-11-03,Minnesota Vikings,23.62649729678096
1377,2014-10-19,Tennessee Titans,24.613532252304136
1378,2007-11-18,Pittsburgh Steelers,24.678632923547767
1379,2012-10-21,Jacksonville Jaguars,21.735696436909386
1380,2012-10-15,Denver Broncos,27.86369313258986
1381,2015-11-08,Oakland Raiders,26.851905640324567
1382,2009-10-19,Denver Broncos,26.752646310329624
1383,2007-12-09,Indianapolis Colts,24.621198513935475
1384,2016-10-30,Seattle Seahawks,26.82920885579543
1385,2003-10-26,New York Giants,25.278330737322413
1386,2006-10-22,New England Patriots,24.99975328032946
1387,2013-12-08,Seattle Seahawks,27.124049680052543
1388,2014-12-21,Indianapolis Colts,26.140987014327703
1389,2003-12-21,Baltimore Ravens,21.251687695352715
1390,2006-11-19,Oakland Raiders,19.476741756282877
1391,2006-12-24,Baltimore Ravens,21.972686592168635
1392,2017-11-19,Baltimore Ravens,22.931088909137596
1393,2007-12-24,Denver Broncos,23.506711977549728
1394,2010-11-14,New England Patriots,24.005075216924617
1395,2010-10-31,Jacksonville Jaguars,24.076278042427205
1396,2009-12-06,Denver Broncos,24.253822623899826
1397,2003-12-07,Indianapolis Colts,26.287222776655028
1398,2007-11-04,Seattle Seahawks,24.451534542413913
1399,2016-12-18,Tampa Bay Buccaneers,27.87308976566142
1400,2014-10-12,Green Bay Packers,24.73176917045091
1401,2014-12-28,Buffalo Bills,23.33943630496709
1402,2015-11-01,San Diego Chargers,27.10889183827148
1403,2013-12-01,St. Louis Rams,22.55139541074688
1404,2012-12-16,New York Giants,26.41045783635743
1405,2008-11-30,Denver Broncos,25.164667916181504
1406,2012-11-22,New England Patriots,29.209480189177697
1407,2017-11-05,Oakland Raiders,25.472567495059614
1408,2011-01-02,Arizona Cardinals,22.473290384977574
1409,2011-10-23,Washington Redskins,24.251035184122053
1410,2005-12-26,New England Patriots,23.96455928520533
1411,2005-11-27,Carolina Panthers,24.73942355109682
1412,2007-10-14,Miami Dolphins,26.215225094704323
1413,2004-10-17,Green Bay Packers,28.293742058074518
1414,2005-10-16,New York Giants,27.585417492428796
1415,2009-12-13,Green Bay Packers,25.088607149823098
1416,2016-12-04,Washington Redskins,30.889842925442707
1417,2010-11-11,Baltimore Ravens,28.381133157581374
1418,2011-11-06,New York Jets,23.054467501236445
1419,2017-12-14,Denver Broncos,23.642015344375086
1420,2007-12-09,Tampa Bay Buccaneers,23.652207079773426
1421,2015-10-25,Houston Texans,27.655315356585774
1422,2011-12-11,New Orleans Saints,30.18093750164088
1423,2005-12-18,Arizona Cardinals,26.28715596177907
1424,2008-11-16,Houston Texans,24.837274409489307
1425,2009-12-25,San Diego Chargers,28.388274460524926
1426,2005-11-13,Washington Redskins,23.3149583835647
1427,2003-11-30,Minnesota Vikings,25.596038600402785
1428,2014-12-28,Arizona Cardinals,25.320616862476992
1429,2015-12-20,Green Bay Packers,23.586391294253325
1430,2002-10-13,Detroit Lions,23.357511674702202
1431,2008-12-04,Oakland Raiders,21.635451909718185
1432,2009-11-29,Seattle Seahawks,27.839740355854204
1433,2012-12-16,Pittsburgh Steelers,22.5910748166309
1434,2017-11-05,Cincinnati Bengals,22.840888252801335
1435,2002-12-15,Oakland Raiders,26.952588966739185
1436,2008-10-19,Indianapolis Colts,24.55012194987232
1437,2013-11-03,Indianapolis Colts,24.857996283420942
1438,2011-01-02,Tennessee Titans,24.946757830599452
1439,2016-12-11,Dallas Cowboys,25.99912307386539
1440,2014-10-12,Pittsburgh Steelers,25.049779839783874
1441,2010-12-26,Baltimore Ravens,22.641199784156147
1442,2017-12-17,Dallas Cowboys,23.595656847791656
1443,2016-12-08,Oakland Raiders,28.427101741377204
1444,2010-11-14,Detroit Lions,24.016189949280957
1445,2016-12-11,New Orleans Saints,27.07612159229344
1446,2017-11-19,Jacksonville Jaguars,22.926105944303394
1447,2014-10-12,New York Giants,28.110010091683463
1448,2012-12-02,Houston Texans,24.45067273521775
1449,2014-11-30,Arizona Cardinals,26.970753802919553
1450,2013-10-27,Green Bay Packers,26.52865701592088
1451,2005-10-30,Minnesota Vikings,24.388447966921788
1452,2004-11-25,Chicago Bears,18.692018154934054
1453,2015-11-29,Miami Dolphins,25.792999963140517
1454,2004-12-12,Seattle Seahawks,25.813788855285484
1455,2016-12-18,Tennessee Titans,26.79503743023988
1456,2016-11-27,Carolina Panthers,23.083133723580417
1457,2011-11-06,Cincinnati Bengals,24.771589521175276
1458,2008-10-19,Seattle Seahawks,22.77033264898164
1459,2008-10-12,Chicago Bears,24.38461623942183
1460,2007-12-16,Arizona Cardinals,24.487710441439695
1461,2011-11-06,Seattle Seahawks,26.340002805314338
1462,2007-11-18,New England Patriots,24.33658339293267
1463,2013-10-20,San Francisco 49ers,24.66374803726545
1464,2004-10-17,Pittsburgh Steelers,23.85929270148268
1465,2008-11-13,New York Jets,22.964047106035856
1466,2002-12-01,Houston Texans,19.84999726614226
1467,2013-11-17,Kansas City Chiefs,21.82948132370715
1468,2002-12-01,Denver Broncos,27.64155733867082
1469,2017-12-18,Atlanta Falcons,29.601470892111013
1470,2014-10-19,Arizona Cardinals,25.993833821003825
1471,2013-10-27,Washington Redskins,30.168922242558175
1472,2008-10-26,Buffalo Bills,22.97301035738786
1473,2006-10-22,Green Bay Packers,24.96527349700343
1474,2002-12-15,Green Bay Packers,22.325132195095627
1475,2011-11-13,Denver Broncos,24.4766761028675
1476,2002-12-01,St. Louis Rams,23.60640027700863
1477,2005-12-24,San Francisco 49ers,19.9378094069528
1478,2014-11-23,Cincinnati Bengals,25.75648536002299
1479,2009-11-01,New York Giants,22.334003080350374
1480,2011-12-18,New Orleans Saints,31.245626855952523
1481,2003-10-26,Carolina Panthers,24.18606131429475
1482,2017-11-26,Tampa Bay Buccaneers,22.95183767764057
1483,2005-12-04,Atlanta Falcons,22.197880661841516
1484,2012-11-12,Kansas City Chiefs,18.18090337400107
1485,2006-12-03,Jacksonville Jaguars,21.797928697556447
1486,2014-12-07,Baltimore Ravens,25.694881481166497
1487,2011-11-06,Miami Dolphins,22.70577124997587
1488,2003-12-27,Philadelphia Eagles,22.786849792775385
1489,2013-12-22,Arizona Cardinals,24.02898132050501
1490,2012-12-09,Baltimore Ravens,26.168139128865214
1491,2009-12-27,Kansas City Chiefs,20.825886564048812
1492,2010-01-03,Atlanta Falcons,26.130255427921234
1493,2009-11-29,Jacksonville Jaguars,26.222623096331013
1494,2012-12-22,Atlanta Falcons,27.804733535566783
1495,2010-11-07,Indianapolis Colts,25.12446970481281
1496,2008-12-28,New England Patriots,24.143923232296626
1497,2007-10-14,Philadelphia Eagles,22.229903249012033
1498,2017-11-12,New England Patriots,26.601598179485933
1499,2017-10-22,Dallas Cowboys,25.409095127333842
1500,2011-01-02,Miami Dolphins,20.163170282029704
1501,2006-11-19,New England Patriots,22.399645133014115
1502,2007-10-21,Minnesota Vikings,22.325931019978846
1503,2012-11-25,Denver Broncos,27.012276270099193
1504,2014-10-26,Buffalo Bills,22.97780544985663
1505,2005-10-16,Houston Texans,18.510065920087673
1506,2013-12-22,New York Giants,22.339776176666106
1507,2014-12-28,Jacksonville Jaguars,21.031527717403726
1508,2017-12-31,Oakland Raiders,21.63427784726609
1509,2008-12-07,Philadelphia Eagles,20.447226630240095
1510,2003-12-07,Cincinnati Bengals,24.710876966593304
1511,2014-10-26,Chicago Bears,23.66719227593792
1512,2005-11-13,Denver Broncos,26.01446256363854
1513,2015-12-27,Jacksonville Jaguars,28.335640945247146
1514,2004-11-14,Minnesota Vikings,24.15093861821814
1515,2004-10-17,Denver Broncos,24.482447321092184
1516,2015-12-27,Chicago Bears,24.454348806535027
1517,2011-12-11,Minnesota Vikings,24.07586889731224
1518,2003-11-16,St. Louis Rams,21.54266828557331
1519,2003-10-19,Washington Redskins,22.95486810610771
1520,2014-10-19,Cleveland Browns,30.293842223843612
1521,2008-10-19,Detroit Lions,20.44301263330614
1522,2006-01-01,St. Louis Rams,24.02498082419273
1523,2004-12-26,Washington Redskins,23.31692115511807
1524,2013-10-27,Miami Dolphins,22.095716869695814
1525,2004-12-26,Arizona Cardinals,24.883890149992745
1526,2009-12-20,Cincinnati Bengals,21.48077368428776
1527,2012-10-25,Tampa Bay Buccaneers,26.779495084873176
1528,2015-12-07,Dallas Cowboys,22.799763292974255
1529,2002-11-24,Cleveland Browns,25.049903538068676
1530,2011-01-02,Carolina Panthers,19.994727129335185
1531,2005-11-13,Minnesota Vikings,21.853830479372917
1532,2006-10-29,Jacksonville Jaguars,21.139658888253553
1533,2005-10-17,St. Louis Rams,24.63093638841623
1534,2013-11-03,Baltimore Ravens,24.529142207232113
1535,2007-12-02,Denver Broncos,23.994569457931533
1536,2005-11-20,Buffalo Bills,21.710555315130488
1537,2004-11-28,Oakland Raiders,25.698718821481563
1538,2004-12-12,Miami Dolphins,22.35967074751229
1539,2005-11-13,St. Louis Rams,23.4087383378797
1540,2007-11-18,St. Louis Rams,22.05239340620256
1541,2005-12-04,Buffalo Bills,23.141836668284427
1542,2005-12-11,St. Louis Rams,23.172658834535017
1543,2007-10-14,Carolina Panthers,25.23525446149607
1544,2012-11-11,Houston Texans,24.707135447346186
1545,2005-01-02,Miami Dolphins,22.853295809740114
1546,2010-12-26,Tennessee Titans,21.850109193983517
1547,2014-12-07,New York Giants,26.083971921815884
1548,2009-12-27,Tampa Bay Buccaneers,23.8778099158003
1549,2017-11-05,Atlanta Falcons,24.644731159019358
1550,2010-12-05,Denver Broncos,26.768663417086696
1551,2004-10-31,Detroit Lions,23.499254048554306
1552,2014-11-09,St. Louis Rams,23.058777235555162
1553,2005-10-23,Dallas Cowboys,25.012321004690204
1554,2016-10-16,Atlanta Falcons,25.621549701477885
1555,2016-10-23,Seattle Seahawks,26.41108969090444
1556,2015-11-29,St. Louis Rams,20.910687598290238
1557,2013-12-08,Oakland Raiders,23.716644481963762
1558,2012-01-01,Seattle Seahawks,23.914136622519937
1559,2005-11-20,Seattle Seahawks,27.46814917865911
1560,2008-12-07,Cleveland Browns,20.083969871910167
1561,2009-11-09,Pittsburgh Steelers,25.76040619130078
1562,2013-12-08,Tennessee Titans,24.89937202080153
1563,2006-12-31,Seattle Seahawks,21.518430345099016
1564,2008-11-30,Atlanta Falcons,27.530000724396256
1565,2017-11-26,New Orleans Saints,27.19678543967012
1566,2006-12-31,Cleveland Browns,21.62514254190225
1567,2006-12-24,Chicago Bears,24.403907955129547
1568,2003-10-26,Cleveland Browns,22.044250509682882
1569,2010-11-01,Houston Texans,26.192328713214845
1570,2002-12-01,Baltimore Ravens,20.231874311818924
1571,2013-11-17,Atlanta Falcons,23.23581671559365
1572,2010-11-07,Chicago Bears,19.512583521709505
1573,2005-11-27,Green Bay Packers,24.037708492748266
1574,2011-12-18,Seattle Seahawks,23.118775763254003
1575,2012-11-18,Baltimore Ravens,23.36506419509842
1576,2017-12-24,Jacksonville Jaguars,25.624344554054773
1577,2012-10-21,New Orleans Saints,30.68866316337897
1578,2008-11-17,Cleveland Browns,24.026529825055725
1579,2005-11-20,Arizona Cardinals,24.797170996355955
1580,2010-12-19,Houston Texans,28.118367802374046
1581,2015-11-12,Buffalo Bills,23.035387880339503
1582,2013-12-01,New England Patriots,28.624080735628507
1583,2006-12-03,Kansas City Chiefs,25.69844079229091
1584,2006-12-23,Kansas City Chiefs,23.070807420510047
1585,2004-11-28,San Diego Chargers,27.588520318854197
1586,2003-11-30,Buffalo Bills,19.70003755800196
1587,2003-11-02,Cincinnati Bengals,25.446281254135478
1588,2002-12-29,Carolina Panthers,22.82016929555521
1589,2006-01-01,Washington Redskins,23.855893186190844
1590,2015-12-27,Cleveland Browns,22.18461508403302
1591,2004-12-05,Pittsburgh Steelers,20.496489715441154
1592,2008-12-14,Seattle Seahawks,23.552183103500948
1593,2002-11-10,Kansas City Chiefs,24.436289031160662
1594,2013-10-21,Minnesota Vikings,24.98787108233153
1595,2011-12-04,Baltimore Ravens,25.05711278776605
1596,2007-11-04,Denver Broncos,25.593030374358122
1597,2005-12-11,New England Patriots,23.613034450182987
1598,2013-11-10,Cincinnati Bengals,25.669298332402377
1599,2011-12-18,Washington Redskins,26.856805744290085
1600,2013-12-08,Carolina Panthers,23.863861346464944
1601,2017-12-31,Green Bay Packers,23.71355766545875
1602,2012-10-18,Seattle Seahawks,21.070095075143506
1603,2009-11-08,Baltimore Ravens,26.346967688305366
1604,2006-11-12,St. Louis Rams,24.150450225351932
1605,2014-11-27,Seattle Seahawks,23.75445667610596
1606,2012-11-04,Minnesota Vikings,22.905988229558112
1607,2004-11-28,Tampa Bay Buccaneers,24.591697273476704
1608,2011-01-02,Tampa Bay Buccaneers,25.765344435159058
1609,2007-12-29,New England Patriots,24.276877767965555
1610,2005-11-27,New York Giants,23.680608166556745
1611,2014-11-02,Baltimore Ravens,25.36650504922685
1612,2014-11-16,Denver Broncos,30.92612659646293
1613,2010-12-05,San Francisco 49ers,21.921563679514293
1614,2005-12-19,Green Bay Packers,21.77804584099134
1615,2005-10-23,New Orleans Saints,23.975230588979496
1616,2012-12-02,Carolina Panthers,25.58200201796584
1617,2011-12-24,Minnesota Vikings,22.864793714899804
1618,2005-10-30,Buffalo Bills,23.14822598981827
1619,2016-11-13,Los Angeles Rams,24.315403160833178
1620,2007-10-14,Tennessee Titans,21.532881751446144
1621,2007-12-30,Pittsburgh Steelers,22.33395610752474
1622,2017-11-30,Washington Redskins,27.759219805750842
1623,2002-10-27,Indianapolis Colts,23.968818380240734
1624,2016-12-18,New Orleans Saints,26.75506151382576
1625,2010-12-12,Cincinnati Bengals,21.01238474140957
1626,2007-11-04,Dallas Cowboys,24.048263349016754
1627,2009-11-22,Atlanta Falcons,23.23351750413166
1628,2014-10-12,Washington Redskins,28.54692295837763
1629,2008-11-16,Oakland Raiders,20.49895917258438
1630,2015-12-13,Indianapolis Colts,25.18316775592931
1631,2003-12-28,Dallas Cowboys,21.703303540073588
1632,2012-10-28,Jacksonville Jaguars,21.048981129729516
1633,2009-12-17,Indianapolis Colts,25.1010538051959
1634,2009-10-18,St. Louis Rams,21.88080333962548
1635,2016-12-05,Indianapolis Colts,23.16895545058121
1636,2003-12-07,Chicago Bears,20.044019100414605
1637,2002-12-08,Minnesota Vikings,21.99321359029571
1638,2009-10-25,Green Bay Packers,25.11842388284289
1639,2008-11-30,Pittsburgh Steelers,22.724752008117854
1640,2006-11-12,Baltimore Ravens,22.167673082271826
1641,2002-10-20,Buffalo Bills,26.86252859286217
1642,2011-11-28,New York Giants,27.70307668546325
1643,2012-11-18,Arizona Cardinals,24.90829482448819
1644,2007-10-21,Tennessee Titans,23.286167352069207
1645,2017-11-06,Detroit Lions,24.880656824652448
1646,2006-12-31,Arizona Cardinals,23.355885853179956
1647,2011-12-11,Philadelphia Eagles,20.69339732894003
1648,2005-12-04,Cincinnati Bengals,24.511693009145244
1649,2008-11-16,Chicago Bears,22.298502303092135
1650,2017-12-17,Houston Texans,25.22741530137832
1651,2013-12-22,Chicago Bears,25.30201882505259
1652,2010-10-17,Oakland Raiders,23.15360260404095
1653,2013-12-29,Jacksonville Jaguars,25.182478335363164
1654,2016-10-23,Baltimore Ravens,24.065016235844055
1655,2014-12-07,Carolina Panthers,24.56635838620263
1656,2002-12-08,St. Louis Rams,20.938087126229053
1657,2013-12-29,New York Jets,24.548005904649337
1658,2007-10-28,Houston Texans,26.09945813336436
1659,2015-11-08,Atlanta Falcons,26.20280363913254
1660,2005-11-06,Detroit Lions,22.0401871273993
1661,2012-11-11,Buffalo Bills,23.42015340991321
1662,2010-12-19,Atlanta Falcons,27.33660596538432
1663,2004-11-28,Philadelphia Eagles,23.13544548456546
1664,2016-11-06,Denver Broncos,24.311196427768955
1665,2016-10-23,Oakland Raiders,24.12671946379765
1666,2017-10-29,Chicago Bears,21.132788816168496
1667,2006-11-12,San Diego Chargers,25.957573698782888
1668,2006-12-03,Tampa Bay Buccaneers,22.223202260400374
1669,2017-12-07,New Orleans Saints,26.47311197418228
1670,2010-12-12,New England Patriots,24.461578673757657
1671,2004-10-24,Detroit Lions,20.85635527306302
1672,2003-11-23,New Orleans Saints,22.525579529476374
1673,2005-10-23,Indianapolis Colts,29.258023194104652
1674,2008-12-28,Carolina Panthers,25.759238661989627
1675,2012-11-18,New York Jets,24.55385311049262
1676,2011-10-23,Seattle Seahawks,25.156650810015847
1677,2013-10-27,Dallas Cowboys,29.328176807401167
1678,2004-12-12,New York Giants,21.75206284753353
1679,2008-12-14,Denver Broncos,27.88609476771053
1680,2002-12-29,Cincinnati Bengals,23.6797584729441
1681,2002-11-24,Atlanta Falcons,23.70910888612471
1682,2002-11-17,Arizona Cardinals,22.760220177923006
1683,2015-11-22,Oakland Raiders,28.146575937136692
1684,2005-10-30,Cleveland Browns,22.13654806782187
1685,2004-11-21,Atlanta Falcons,22.232478365123427
1686,2010-12-05,St. Louis Rams,26.824171356364246
1687,2002-10-20,Minnesota Vikings,23.0573462873322
1688,2005-12-04,Denver Broncos,23.206043031093245
1689,2017-10-15,Tampa Bay Buccaneers,28.387281844165685
1690,2012-11-01,Kansas City Chiefs,21.122339692951755
1691,2008-11-09,Seattle Seahawks,24.003657591650022
1692,2008-10-12,Jacksonville Jaguars,24.953217015178524
1693,2007-12-09,Pittsburgh Steelers,20.936027890532127
1694,2005-11-13,Arizona Cardinals,22.93707089621252
1695,2017-11-12,Los Angeles Chargers,24.106046224513015
1696,2010-11-14,Carolina Panthers,20.779645309060935
1697,2015-11-16,Houston Texans,27.091345338702354
1698,2012-11-05,Philadelphia Eagles,27.88113078589729
1699,2013-11-24,Carolina Panthers,23.81087178148929
1700,2017-10-29,Atlanta Falcons,26.251610896346648
1701,2006-12-31,Carolina Panthers,22.426524938114184
1702,2017-12-10,New York Jets,25.763208423073095
1703,2013-12-15,Chicago Bears,22.50141702743719
1704,2015-11-29,New England Patriots,25.29244058810861
1705,2008-12-14,New England Patriots,23.630835850671414
1706,2006-11-19,Indianapolis Colts,25.588655834245927
1707,2005-10-30,Tampa Bay Buccaneers,24.78694700465043
1708,2007-10-14,Houston Texans,23.62042861263987
1709,2011-12-24,St. Louis Rams,21.319529320370766
1710,2005-01-02,Kansas City Chiefs,28.921010536754213
1711,2006-10-29,New York Jets,20.64461244146527
1712,2016-12-24,San Francisco 49ers,24.650518425173065
1713,2010-01-03,Kansas City Chiefs,22.852737808172584
1714,2009-11-26,New York Giants,24.418699665086944
1715,2006-10-22,San Diego Chargers,25.285999185833496
1716,2016-11-27,New England Patriots,24.88506408387484
1717,2017-12-25,Pittsburgh Steelers,30.567299599784256
1718,2007-12-02,San Diego Chargers,22.681986793135685
1719,2008-10-12,Miami Dolphins,25.46490546462904
1720,2004-10-31,Oakland Raiders,21.452515387444713
1721,2005-12-18,Seattle Seahawks,23.969614778744553
1722,2010-11-14,Dallas Cowboys,22.15929136874069
1723,2015-12-27,Green Bay Packers,26.400798529423177
1724,2006-12-17,Washington Redskins,24.68290797296379
1725,2017-10-29,San Francisco 49ers,23.63555306029363
1726,2013-12-15,Cincinnati Bengals,23.100665188656016
1727,2009-12-20,Oakland Raiders,21.887308469809142
1728,2008-10-26,Tampa Bay Buccaneers,23.494522122826528
1729,2015-12-20,Buffalo Bills,26.20977790098079
1730,2006-01-01,Miami Dolphins,22.103892867076695
1731,2004-11-21,Detroit Lions,26.17395210224881
